0.21035827696323395,0.579880952835083,7.416692824335769e-07,0.27042722702026367,0.5552530884742737,-0.07659187912940979,0.31053972244262695,0.48873090744018555,-0.12019511312246323,0.3360111117362976,0.41241902112960815,-0.15356816351413727,0.34962260723114014,0.3365049958229065,-0.18755404651165009,0.2541002333164215,0.32278889417648315,-0.10505180805921555,0.24636094272136688,0.21016386151313782,-0.15645869076251984,0.23453177511692047,0.13214297592639923,-0.19462716579437256,0.22073081135749817,0.05939719080924988,-0.22192882001399994,0.19521622359752655,0.3120523989200592,-0.09652646631002426,0.17251303791999817,0.17382486164569855,-0.14244619011878967,0.1515500843524933,0.08042046427726746,-0.17908558249473572,0.1317330300807953,-0.006979048252105713,-0.20680232346057892,0.14323148131370544,0.3369620144367218,-0.09320048242807388,0.11694067716598511,0.21329735219478607,-0.13581062853336334,0.09374942630529404,0.1286081075668335,-0.16817565262317657,0.07432951778173447,0.05337783694267273,-0.19118402898311615,0.09687075763940811,0.3881962299346924,-0.09557997435331345,0.056474149227142334,0.30334845185279846,-0.13491930067539215,0.028766557574272156,0.24379901587963104,-0.15828664600849152,0.006312578916549683,0.1852313131093979,-0.17475035786628723,OpenPalm
0.2344750612974167,0.5890622138977051,6.275518558140902e-07,0.29292768239974976,0.5595513582229614,-0.06560568511486053,0.33431366086006165,0.48887017369270325,-0.10375530272722244,0.3603837490081787,0.41469383239746094,-0.13406792283058167,0.376694917678833,0.3461027145385742,-0.16580884158611298,0.2806206941604614,0.33229541778564453,-0.09231122583150864,0.27642858028411865,0.22532889246940613,-0.14036031067371368,0.2640828788280487,0.1542695164680481,-0.17595909535884857,0.24884723126888275,0.08686330914497375,-0.20169490575790405,0.21996712684631348,0.3230619430541992,-0.08862145990133286,0.20218642055988312,0.19148138165473938,-0.13151369988918304,0.18267785012722015,0.10659953951835632,-0.16521798074245453,0.1629723608493805,0.02629154920578003,-0.19046950340270996,0.16673751175403595,0.349098801612854,-0.08955131471157074,0.14102065563201904,0.22426290810108185,-0.130310520529747,0.11712072044610977,0.14189156889915466,-0.15999481081962585,0.0964568629860878,0.06684577465057373,-0.18093952536582947,0.11925362795591354,0.4018053412437439,-0.09516707062721252,0.0805167406797409,0.3184254467487335,-0.1337496042251587,0.056106165051460266,0.26118937134742737,-0.15470100939273834,0.037085846066474915,0.20395569503307343,-0.16888439655303955,OpenPalm
0.2657531499862671,0.5959007740020752,6.715363838338817e-07,0.3221977651119232,0.5545616149902344,-0.055896639823913574,0.3588469624519348,0.4804897606372833,-0.08952512592077255,0.38434064388275146,0.41190478205680847,-0.11740034818649292,0.40813949704170227,0.3515937328338623,-0.1465034931898117,0.3003634810447693,0.33224159479141235,-0.07848551869392395,0.29687759280204773,0.22552555799484253,-0.12199916690587997,0.2906792163848877,0.15538714826107025,-0.1543383002281189,0.28277865052223206,0.08787375688552856,-0.17771761119365692,0.24143630266189575,0.32953914999961853,-0.07805722206830978,0.2241211235523224,0.20089341700077057,-0.11720038950443268,0.2093302309513092,0.11541377007961273,-0.14691340923309326,0.19516658782958984,0.03423812985420227,-0.16916827857494354,0.19047152996063232,0.3603357672691345,-0.08213340491056442,0.1645716428756714,0.23576824367046356,-0.11996487528085709,0.14289936423301697,0.15235435962677002,-0.14694054424762726,0.1253628134727478,0.07623690366744995,-0.1655900478363037,0.14600175619125366,0.41578322649002075,-0.09039215743541718,0.10528934001922607,0.32971057295799255,-0.12663008272647858,0.07922203838825226,0.2697571814060211,-0.1462567001581192,0.058424413204193115,0.20911526679992676,-0.15931451320648193,OpenPalm
0.2891783118247986,0.5927830934524536,6.818910947004042e-07,0.3502421975135803,0.5544755458831787,-0.055996716022491455,0.39428645372390747,0.4855253994464874,-0.09114766865968704,0.4222067594528198,0.41584643721580505,-0.12060077488422394,0.44796764850616455,0.3473093807697296,-0.15181545913219452,0.3367501199245453,0.33258944749832153,-0.083340123295784,0.34132903814315796,0.22299611568450928,-0.13032731413841248,0.3404299020767212,0.14978300034999847,-0.1640598326921463,0.336435467004776,0.07948541641235352,-0.18810349702835083,0.2770717740058899,0.3253675103187561,-0.08445443958044052,0.264243483543396,0.1936345100402832,-0.12732334434986115,0.25182420015335083,0.1057213842868805,-0.1587468832731247,0.23867474496364594,0.021570533514022827,-0.1816941648721695,0.22489570081233978,0.3546786308288574,-0.08981939405202866,0.20458506047725677,0.22825196385383606,-0.1321166455745697,0.18680685758590698,0.14099527895450592,-0.16030514240264893,0.17185844480991364,0.05934467911720276,-0.17942659556865692,0.17922423779964447,0.41027867794036865,-0.09887736290693283,0.1410825401544571,0.3270978629589081,-0.13992777466773987,0.11730316281318665,0.268124520778656,-0.16028480231761932,0.0984446257352829,0.2069549411535263,-0.17307749390602112,OpenPalm
0.31865933537483215,0.5872699022293091,6.224889261829958e-07,0.38917508721351624,0.5395667552947998,-0.04558071866631508,0.4396032691001892,0.46243149042129517,-0.07435015588998795,0.4685710370540619,0.3905130624771118,-0.09963607043027878,0.4994392991065979,0.3253897428512573,-0.1269492357969284,0.3836515247821808,0.31011083722114563,-0.06506086885929108,0.39063596725463867,0.19821380078792572,-0.1070459708571434,0.39493528008461,0.12323561310768127,-0.13834865391254425,0.39870524406433105,0.052247583866119385,-0.16134870052337646,0.3251604735851288,0.3032906651496887,-0.07093168795108795,0.3151404857635498,0.16858254373073578,-0.1095973402261734,0.30985090136528015,0.07965996861457825,-0.1400453746318817,0.30439287424087524,-0.003375917673110962,-0.16255123913288116,0.27331990003585815,0.3322087526321411,-0.08091529458761215,0.2531343102455139,0.2032119333744049,-0.12076675891876221,0.23817777633666992,0.11123897135257721,-0.14865146577358246,0.2279028296470642,0.026211440563201904,-0.16765421628952026,0.22588220238685608,0.38759860396385193,-0.09396638721227646,0.18651042878627777,0.2973644435405731,-0.13299688696861267,0.16491638123989105,0.23248040676116943,-0.15279392898082733,0.14997310936450958,0.16654831171035767,-0.16550754010677338,OpenPalm
0.3812877833843231,0.5792796611785889,6.135932721917925e-07,0.4581676721572876,0.5319617986679077,-0.04322865977883339,0.5110909938812256,0.44800853729248047,-0.07050394266843796,0.5495357513427734,0.3734827935695648,-0.09508209675550461,0.5851432085037231,0.306883841753006,-0.12261420488357544,0.4618462920188904,0.3014236092567444,-0.06551694124937057,0.47749900817871094,0.18698406219482422,-0.10984210669994354,0.49073031544685364,0.10983778536319733,-0.1431274265050888,0.5036865472793579,0.0385097861289978,-0.16751788556575775,0.4065536856651306,0.2969835698604584,-0.07332102209329605,0.40645530819892883,0.1656963974237442,-0.11401966959238052,0.4107176661491394,0.07563436031341553,-0.14665231108665466,0.4150484502315521,-0.008180022239685059,-0.1717509925365448,0.35507917404174805,0.32719308137893677,-0.08535928279161453,0.343489408493042,0.202687606215477,-0.12656381726264954,0.33888357877731323,0.11329178512096405,-0.1560312658548355,0.3395100235939026,0.02953702211380005,-0.17711099982261658,0.30758368968963623,0.3833225667476654,-0.10046423971652985,0.27730482816696167,0.2935904264450073,-0.14144638180732727,0.2619756758213043,0.22684994339942932,-0.16411025822162628,0.25309106707572937,0.15879565477371216,-0.17971684038639069,OpenPalm
0.4637317657470703,0.5736857652664185,6.544148050124932e-07,0.540614664554596,0.5259150266647339,-0.037567585706710815,0.5962734818458557,0.4410938024520874,-0.06328413635492325,0.6356145143508911,0.36972010135650635,-0.0869632139801979,0.6753244400024414,0.3097444772720337,-0.11363475769758224,0.5458472967147827,0.3015748858451843,-0.0641423910856247,0.5684669017791748,0.1866130530834198,-0.10798227787017822,0.5882622003555298,0.11132284998893738,-0.1395140141248703,0.6085765361785889,0.04261219501495361,-0.16239048540592194,0.49570074677467346,0.29685014486312866,-0.07432432472705841,0.5037463903427124,0.16426828503608704,-0.1152903214097023,0.5153085589408875,0.07266360521316528,-0.14681895077228546,0.5264889001846313,-0.012034833431243896,-0.1707935780286789,0.4467581808567047,0.3262450098991394,-0.08811933547258377,0.44174617528915405,0.19754596054553986,-0.13139386475086212,0.44297441840171814,0.10533247888088226,-0.16229042410850525,0.4477960765361786,0.020491570234298706,-0.1837126761674881,0.40054190158843994,0.3802106976509094,-0.10390470176935196,0.37174925208091736,0.28917741775512695,-0.14771853387355804,0.3556288480758667,0.22161579132080078,-0.17202745378017426,0.34438440203666687,0.15329377353191376,-0.18832623958587646,OpenPalm
0.5487047433853149,0.5878727436065674,7.113698643479438e-07,0.6235026121139526,0.542899489402771,-0.0353337787091732,0.6734700798988342,0.46279919147491455,-0.06144389510154724,0.7132455110549927,0.39645785093307495,-0.08578310161828995,0.7557229399681091,0.34158191084861755,-0.11353147029876709,0.6225085854530334,0.33092501759529114,-0.06565908342599869,0.6470780372619629,0.21830542385578156,-0.10988988727331161,0.670203685760498,0.14638696610927582,-0.14129993319511414,0.6941927671432495,0.08130583167076111,-0.16353270411491394,0.5778287649154663,0.3304597735404968,-0.07660938799381256,0.5875101089477539,0.19770847260951996,-0.11624354869127274,0.60188227891922,0.10759493708610535,-0.14616486430168152,0.6164571046829224,0.024460047483444214,-0.16873066127300262,0.5343360900878906,0.36544543504714966,-0.09063588082790375,0.525936484336853,0.24347302317619324,-0.13096071779727936,0.525816023349762,0.15504813194274902,-0.15927696228027344,0.5309282541275024,0.07190918922424316,-0.1794767677783966,0.49401819705963135,0.4253860116004944,-0.10662341862916946,0.4654378592967987,0.34777912497520447,-0.14838625490665436,0.4513791799545288,0.28996512293815613,-0.17016910016536713,0.44243574142456055,0.22879715263843536,-0.1847037374973297,OpenPalm
0.5803946256637573,0.5625423192977905,7.657916398784437e-07,0.6564632058143616,0.5180011987686157,-0.031616777181625366,0.7116361260414124,0.4352252185344696,-0.05818839371204376,0.7561181783676147,0.3711143434047699,-0.08347237855195999,0.8023719787597656,0.3156188428401947,-0.11295860260725021,0.6650539636611938,0.3063367009162903,-0.06866908818483353,0.6937745809555054,0.1899024248123169,-0.11719110608100891,0.7227020263671875,0.11849536001682281,-0.15108686685562134,0.7539486885070801,0.05580747127532959,-0.1745108962059021,0.6234733462333679,0.3078286647796631,-0.08347248286008835,0.6388826370239258,0.17056944966316223,-0.1265750527381897,0.6606971621513367,0.07949817180633545,-0.15880592167377472,0.6830651164054871,-0.004882365465164185,-0.18286296725273132,0.5810273289680481,0.34637629985809326,-0.10097850114107132,0.579927921295166,0.21868398785591125,-0.14480416476726532,0.5853956937789917,0.12913884222507477,-0.1746179163455963,0.5957650542259216,0.04281759262084961,-0.19581086933612823,0.5414307117462158,0.4103167653083801,-0.1196787878870964,0.5164521336555481,0.3283235728740692,-0.1649547517299652,0.5092498660087585,0.26463261246681213,-0.18798087537288666,0.5076807141304016,0.1967427134513855,-0.20324662327766418,OpenPalm
0.626161515712738,0.5520739555358887,6.874240057186398e-07,0.7075142860412598,0.5045566558837891,-0.02768228016793728,0.7661719918251038,0.41529232263565063,-0.05234934389591217,0.8173955678939819,0.3499353528022766,-0.07668610662221909,0.8705938458442688,0.2977018654346466,-0.10494543612003326,0.7254782319068909,0.2897539734840393,-0.0625213086605072,0.7614578008651733,0.17600376904010773,-0.11026769131422043,0.795279860496521,0.10605034232139587,-0.14375434815883636,0.8318825364112854,0.04724287986755371,-0.16692210733890533,0.6866015195846558,0.2896572947502136,-0.078193798661232,0.7077075242996216,0.15859274566173553,-0.12146544456481934,0.7377378940582275,0.07035747170448303,-0.15322622656822205,0.7696698904037476,-0.0072106122970581055,-0.1769469529390335,0.6447267532348633,0.3243423402309418,-0.09657220542430878,0.6518543362617493,0.19773830473423004,-0.139755517244339,0.6666801571846008,0.11043398082256317,-0.1675751954317093,0.6865345239639282,0.029262244701385498,-0.18752314150333405,0.6054386496543884,0.38460150361061096,-0.11618916690349579,0.5922727584838867,0.30060604214668274,-0.1599114090204239,0.5928682088851929,0.234508216381073,-0.18214279413223267,0.5978997945785522,0.16712476313114166,-0.19715552031993866,OpenPalm
0.6735016107559204,0.5557624101638794,7.279184615072154e-07,0.758269727230072,0.5125569701194763,-0.022293616086244583,0.8185149431228638,0.43104037642478943,-0.044712912291288376,0.8716639280319214,0.3743416368961334,-0.06729283183813095,0.9263205528259277,0.33425241708755493,-0.09314777702093124,0.7847893834114075,0.2988736033439636,-0.05725046619772911,0.82818204164505,0.1855856031179428,-0.10201580822467804,0.8683050274848938,0.12561552226543427,-0.13253797590732574,0.9086024761199951,0.07734102010726929,-0.15307660400867462,0.7498617768287659,0.29702258110046387,-0.07437450438737869,0.7831920385360718,0.1631016582250595,-0.11341258883476257,0.8176912069320679,0.08156028389930725,-0.14103107154369354,0.8493940830230713,0.01172339916229248,-0.16119512915611267,0.7099522352218628,0.3312015235424042,-0.09366382658481598,0.7249457836151123,0.20209096372127533,-0.13330011069774628,0.7428486943244934,0.11835424602031708,-0.15791666507720947,0.7634596824645996,0.04215022921562195,-0.17533141374588013,0.6706274747848511,0.39138078689575195,-0.11376598477363586,0.6648949384689331,0.3076968491077423,-0.15416070818901062,0.669581413269043,0.24486245214939117,-0.1728987693786621,0.6778513193130493,0.18170827627182007,-0.18508747220039368,OpenPalm
0.2717325985431671,0.6862223744392395,4.226031364851224e-07,0.3199683725833893,0.6608633995056152,-0.04967017099261284,0.35180073976516724,0.6084691882133484,-0.07880239933729172,0.3662976026535034,0.5564776659011841,-0.10221424698829651,0.3760033845901489,0.510913610458374,-0.12602023780345917,0.2975061237812042,0.48703688383102417,-0.0691896602511406,0.2936041057109833,0.41242364048957825,-0.10747837275266647,0.28560972213745117,0.3640536665916443,-0.13547314703464508,0.2719222605228424,0.31981050968170166,-0.15500135719776154,0.24654094874858856,0.48577719926834106,-0.06759322434663773,0.22332237660884857,0.3924836218357086,-0.10105761140584946,0.2033844292163849,0.33461135625839233,-0.12482036650180817,0.182005375623703,0.2800798714160919,-0.14212638139724731,0.20571427047252655,0.5138241648674011,-0.07013370841741562,0.1771700531244278,0.42880722880363464,-0.10364136844873428,0.15548677742481232,0.371934711933136,-0.12525951862335205,0.13520346581935883,0.3204936981201172,-0.13944204151630402,0.17326505482196808,0.5623354315757751,-0.07630904018878937,0.1303388774394989,0.5089238882064819,-0.10874276608228683,0.09985053539276123,0.4753654897212982,-0.12484902143478394,0.07307121157646179,0.44021886587142944,-0.13466030359268188,OpenPalm
0.36349257826805115,0.6835119128227234,6.017027089910698e-07,0.4181230962276459,0.6448788642883301,-0.03703631833195686,0.45983701944351196,0.5795915126800537,-0.062281347811222076,0.4901980757713318,0.5258124470710754,-0.0843193531036377,0.5234106183052063,0.48503488302230835,-0.1090131625533104,0.40132442116737366,0.48360276222229004,-0.06913157552480698,0.4050937294960022,0.38605740666389465,-0.1056707352399826,0.4037748873233795,0.32285553216934204,-0.1290583461523056,0.39983004331588745,0.265460729598999,-0.14539439976215363,0.3514300286769867,0.4862505793571472,-0.07363677769899368,0.3396131694316864,0.3728766143321991,-0.10798133909702301,0.33289042115211487,0.2992730140686035,-0.129978746175766,0.3251204192638397,0.2322680950164795,-0.14591924846172333,0.30888915061950684,0.515988826751709,-0.08020830899477005,0.28575247526168823,0.4133579432964325,-0.11356492340564728,0.27174583077430725,0.3421894907951355,-0.13329991698265076,0.26073575019836426,0.27763670682907104,-0.14655321836471558,0.2718922197818756,0.5646278858184814,-0.08897192776203156,0.2404509335756302,0.4937897026538849,-0.12010961771011353,0.22183915972709656,0.4453648626804352,-0.1339367926120758,0.20680110156536102,0.3952879011631012,-0.14276239275932312,OpenPalm
0.4780389666557312,0.6258432865142822,7.159543429224868e-07,0.5410755276679993,0.5846801400184631,-0.03950580954551697,0.5824478268623352,0.5199478268623352,-0.06815224140882492,0.6130045652389526,0.46203362941741943,-0.09374307096004486,0.6470752358436584,0.41122666001319885,-0.12267036736011505,0.5236778855323792,0.406913697719574,-0.07294559478759766,0.5315650701522827,0.3056912422180176,-0.11580455303192139,0.5391774773597717,0.2387421876192093,-0.1446242779493332,0.5455244183540344,0.17623752355575562,-0.1647428721189499,0.4748251736164093,0.41149526834487915,-0.07996862381696701,0.4665221869945526,0.295197069644928,-0.11926733702421188,0.4644218385219574,0.21543270349502563,-0.14691561460494995,0.4615766406059265,0.1413574516773224,-0.16723619401454926,0.43256646394729614,0.4486020505428314,-0.08969232439994812,0.4110310673713684,0.3439292311668396,-0.12971992790699005,0.39783793687820435,0.26870787143707275,-0.1550227552652359,0.38903453946113586,0.1976502388715744,-0.17186850309371948,0.3968375623226166,0.5068944692611694,-0.10146722942590714,0.3626580536365509,0.4364946484565735,-0.14078360795974731,0.3428226113319397,0.3869113028049469,-0.15962044894695282,0.3274001479148865,0.33481353521347046,-0.17134390771389008,OpenPalm
0.6416996717453003,0.5448314547538757,6.685843914056022e-07,0.7063335180282593,0.4867861270904541,-0.030310699716210365,0.7471808791160583,0.4024983048439026,-0.05626107379794121,0.7828316688537598,0.3336782157421112,-0.08148845285177231,0.8221254348754883,0.27753356099128723,-0.11075803637504578,0.6879875063896179,0.2907787561416626,-0.0665375366806984,0.6958469748497009,0.170392706990242,-0.11071585863828659,0.70439213514328,0.09425120055675507,-0.1399950385093689,0.7141577005386353,0.02589932084083557,-0.1594831496477127,0.6449310183525085,0.30028897523880005,-0.07916435599327087,0.6333133578300476,0.1626904159784317,-0.11694612354040146,0.6301009058952332,0.07353582978248596,-0.14276999235153198,0.6283794641494751,-0.00467526912689209,-0.16132959723472595,0.606650173664093,0.3412795662879944,-0.0938522145152092,0.5805897116661072,0.22131434082984924,-0.12942801415920258,0.5663126111030579,0.14016813039779663,-0.15078775584697723,0.5572505593299866,0.06715768575668335,-0.1657092124223709,0.5740839242935181,0.4053499698638916,-0.11037145555019379,0.5351760387420654,0.33032670617103577,-0.14426562190055847,0.514350175857544,0.2764625549316406,-0.1583067923784256,0.4985148310661316,0.2222023904323578,-0.16695448756217957,OpenPalm
0.709071934223175,0.6631179451942444,7.128299444048025e-07,0.7660726308822632,0.6052393317222595,-0.03722307085990906,0.7921358942985535,0.5259179472923279,-0.06592881679534912,0.8154705166816711,0.4606238305568695,-0.09196705371141434,0.8517359495162964,0.40627533197402954,-0.12180840224027634,0.7220780849456787,0.43537068367004395,-0.07679563760757446,0.7150368690490723,0.3328642249107361,-0.12310852855443954,0.7237529158592224,0.27129065990448,-0.15366540849208832,0.7364420294761658,0.2168039083480835,-0.17426924407482147,0.6793402433395386,0.45512691140174866,-0.0856562927365303,0.6589187979698181,0.34680166840553284,-0.12668240070343018,0.6533409357070923,0.27048832178115845,-0.15459075570106506,0.650617778301239,0.19752958416938782,-0.17528195679187775,0.6438154578208923,0.5069230794906616,-0.09717566519975662,0.6088076233863831,0.40994518995285034,-0.13880416750907898,0.589621901512146,0.339475154876709,-0.16499561071395874,0.57801353931427,0.26851576566696167,-0.18294326961040497,0.6173136830329895,0.5781880021095276,-0.11038725078105927,0.5753344297409058,0.5237904191017151,-0.15187379717826843,0.5498996376991272,0.4833773672580719,-0.17167039215564728,0.5284352898597717,0.4365710914134979,-0.1843433976173401,OpenPalm
0.7437406778335571,0.6926388740539551,8.035653422666655e-07,0.8104984760284424,0.6351372003555298,-0.03891448676586151,0.8446956872940063,0.5614288449287415,-0.074062779545784,0.8788667321205139,0.5025755763053894,-0.10546709597110748,0.924060583114624,0.45194998383522034,-0.14215867221355438,0.7816570401191711,0.4835672080516815,-0.09956075996160507,0.7849807739257812,0.38708245754241943,-0.15336823463439941,0.7997355461120605,0.3291867971420288,-0.18840572237968445,0.8201159834861755,0.2762308120727539,-0.2126767337322235,0.7416141629219055,0.5052967667579651,-0.11150386184453964,0.726659893989563,0.40412843227386475,-0.16363826394081116,0.7272921204566956,0.3328152298927307,-0.19983503222465515,0.7318471670150757,0.2626888155937195,-0.2274007499217987,0.7062883377075195,0.5593687891960144,-0.1242954432964325,0.6764848828315735,0.4693410098552704,-0.1761769950389862,0.6618592143058777,0.4038031995296478,-0.2080051749944687,0.654059886932373,0.33866026997566223,-0.23066136240959167,0.6789548397064209,0.6308057308197021,-0.13786423206329346,0.645984411239624,0.5829305052757263,-0.18618960678577423,0.6278803944587708,0.5486258268356323,-0.2083790898323059,0.6112978458404541,0.5094749927520752,-0.22392751276493073,OpenPalm
0.7919444441795349,0.6786041259765625,7.159084702834662e-07,0.8543055057525635,0.6218199729919434,-0.02608952671289444,0.8908556699752808,0.5426383018493652,-0.05286547914147377,0.9295328259468079,0.4831373393535614,-0.07831957191228867,0.979629635810852,0.4441910982131958,-0.10841052979230881,0.8418071866035461,0.47440317273139954,-0.07842032611370087,0.8552952408790588,0.3731245696544647,-0.12517791986465454,0.8790094256401062,0.31839150190353394,-0.15545475482940674,0.9077172875404358,0.27409738302230835,-0.17628693580627441,0.8087544441223145,0.4931454360485077,-0.09423241019248962,0.8065600395202637,0.38993996381759644,-0.13851262629032135,0.8169395923614502,0.3201867341995239,-0.16841375827789307,0.8306033611297607,0.2564566135406494,-0.19123335182666779,0.7778710722923279,0.5422681570053101,-0.1106593981385231,0.7611353993415833,0.4517112970352173,-0.1539813131093979,0.7544052004814148,0.3910893201828003,-0.17852064967155457,0.7548947334289551,0.32963770627975464,-0.196619912981987,0.7514939904212952,0.6094695925712585,-0.1277380734682083,0.7237489223480225,0.5591669678688049,-0.1692989617586136,0.7142069339752197,0.526801586151123,-0.18642258644104004,0.7099785208702087,0.49068090319633484,-0.1984032541513443,OpenPalm
0.23739151656627655,0.7783322930335999,3.3747951988516434e-07,0.2730461359024048,0.7777947783470154,-0.06475862860679626,0.29025134444236755,0.7547525763511658,-0.1058516800403595,0.28842881321907043,0.7295420169830322,-0.137112095952034,0.28484398126602173,0.6993372440338135,-0.16839662194252014,0.2329801470041275,0.6649374961853027,-0.09852749854326248,0.21852491796016693,0.615184485912323,-0.14197561144828796,0.1973082274198532,0.5982697010040283,-0.172505721449852,0.17221468687057495,0.5926114916801453,-0.19257831573486328,0.19037696719169617,0.6713874340057373,-0.08566933125257492,0.1592579334974289,0.6152538657188416,-0.12174645066261292,0.1326567828655243,0.5873932242393494,-0.1471121609210968,0.10318174213171005,0.5632959604263306,-0.16637755930423737,0.16064335405826569,0.6945294141769409,-0.0766192078590393,0.12445508688688278,0.6416912078857422,-0.10974930971860886,0.09433632344007492,0.6141383647918701,-0.1330275535583496,0.06519561260938644,0.5931471586227417,-0.14959409832954407,0.14203010499477386,0.7288982272148132,-0.07167965173721313,0.09951597452163696,0.7015873789787292,-0.10153080523014069,0.06791505217552185,0.6904289126396179,-0.11959204077720642,0.03860217332839966,0.6824404001235962,-0.13247594237327576,OpenPalm
0.24136511981487274,0.7677262425422668,2.8726890377583914e-07,0.2788640260696411,0.7656409740447998,-0.0552348718047142,0.30320602655410767,0.7420834898948669,-0.09150189906358719,0.3079086244106293,0.7157405614852905,-0.12020715326070786,0.3080848455429077,0.6805098652839661,-0.1489628255367279,0.24840347468852997,0.6477177739143372,-0.08398550003767014,0.23564890027046204,0.5950570106506348,-0.1257936954498291,0.21677689254283905,0.5757236480712891,-0.15546730160713196,0.19311831891536713,0.5689328908920288,-0.17415547370910645,0.20747269690036774,0.6513603925704956,-0.07523796707391739,0.1799357682466507,0.5932697653770447,-0.10785244405269623,0.15397755801677704,0.5640178918838501,-0.13133478164672852,0.1235814318060875,0.5395742654800415,-0.14927595853805542,0.17749720811843872,0.673906683921814,-0.07025915384292603,0.14475680887699127,0.6229526400566101,-0.09986001998186111,0.11598026752471924,0.5946178436279297,-0.12007427960634232,0.0871502012014389,0.5721220970153809,-0.13467104732990265,0.15631073713302612,0.7100063562393188,-0.06902266293764114,0.11517733335494995,0.6838777661323547,-0.09584497660398483,0.08439726382493973,0.6731166243553162,-0.11088280379772186,0.05565957725048065,0.663874626159668,-0.12142067402601242,OpenPalm
0.29317331314086914,0.7587960958480835,2.2073538730182918e-07,0.3270379602909088,0.7462568283081055,-0.039444390684366226,0.3524961471557617,0.7138186097145081,-0.06567662209272385,0.36038443446159363,0.6853159666061401,-0.08842620253562927,0.3589179813861847,0.6545478701591492,-0.11143412441015244,0.29692763090133667,0.6190981864929199,-0.0556732714176178,0.2891240417957306,0.5638419985771179,-0.08917943388223648,0.27414560317993164,0.5431618094444275,-0.11473872512578964,0.25424453616142273,0.5344063639640808,-0.1308601349592209,0.2530615031719208,0.6291820406913757,-0.054166339337825775,0.2283489853143692,0.5686455965042114,-0.07947847992181778,0.20578685402870178,0.5355572700500488,-0.09916546940803528,0.18082661926746368,0.505997896194458,-0.11482306569814682,0.22063909471035004,0.6584500074386597,-0.0563499890267849,0.18939928710460663,0.5995974540710449,-0.08158541470766068,0.16390585899353027,0.5665308833122253,-0.09872733056545258,0.13864266872406006,0.5377885103225708,-0.11110084503889084,0.19729068875312805,0.7014402151107788,-0.06146194413304329,0.15594345331192017,0.6682288646697998,-0.08603570610284805,0.12713372707366943,0.6541730761528015,-0.09804896265268326,0.09999080002307892,0.6387814283370972,-0.10599848628044128,OpenPalm
0.34244924783706665,0.744025707244873,1.5631044902875146e-07,0.38233697414398193,0.7193734645843506,-0.03198522329330444,0.41419726610183716,0.6691067814826965,-0.052792735397815704,0.42658060789108276,0.6288711428642273,-0.07135127484798431,0.4359942376613617,0.5888707637786865,-0.09127388149499893,0.35297033190727234,0.6093736886978149,-0.051736846566200256,0.343215674161911,0.5511905550956726,-0.08205341547727585,0.33411428332328796,0.5311477780342102,-0.10378389060497284,0.32222235202789307,0.5207382440567017,-0.11754962056875229,0.30786433815956116,0.6237764358520508,-0.05263436585664749,0.2893609404563904,0.5615310668945312,-0.07554081082344055,0.2737954258918762,0.5271003246307373,-0.0916212722659111,0.2565852999687195,0.49618005752563477,-0.10549138486385345,0.2731853127479553,0.6545225977897644,-0.056585632264614105,0.245229110121727,0.5934877395629883,-0.08004672825336456,0.22451351583003998,0.5587303042411804,-0.09468765556812286,0.20504364371299744,0.5269853472709656,-0.10641319304704666,0.2470371574163437,0.6981210708618164,-0.06280884891748428,0.20791523158550262,0.6636068224906921,-0.08586472272872925,0.18170258402824402,0.6497059464454651,-0.09636902809143066,0.15680360794067383,0.6332708597183228,-0.10423359274864197,OpenPalm
0.37491416931152344,0.7322449088096619,2.8045599265169585e-07,0.41538047790527344,0.7113930583000183,-0.03092760033905506,0.443170428276062,0.6729622483253479,-0.05192688852548599,0.45892417430877686,0.6385791301727295,-0.07051986455917358,0.46940547227859497,0.6167820692062378,-0.09147926419973373,0.39582186937332153,0.60292649269104,-0.055273305624723434,0.393282026052475,0.5519258975982666,-0.08311468362808228,0.39273130893707275,0.521704375743866,-0.10343623906373978,0.3896600008010864,0.49263688921928406,-0.11829572916030884,0.3534863293170929,0.609948456287384,-0.05839423090219498,0.3383425176143646,0.5475213527679443,-0.08179080486297607,0.326750248670578,0.5089635848999023,-0.09741289913654327,0.31475675106048584,0.47113853693008423,-0.1110125184059143,0.31875187158584595,0.6388035416603088,-0.063687764108181,0.2948002815246582,0.5765281915664673,-0.08848719298839569,0.27571600675582886,0.5376847386360168,-0.10340740531682968,0.2595689296722412,0.49925801157951355,-0.11520779877901077,0.29176637530326843,0.6827788949012756,-0.0710153579711914,0.25610798597335815,0.649558424949646,-0.09572693705558777,0.2299913763999939,0.6323278546333313,-0.10668250918388367,0.206619530916214,0.6113395094871521,-0.11496714502573013,OpenPalm
0.408548504114151,0.7226497530937195,3.5897218708669243e-07,0.44896793365478516,0.7022829651832581,-0.03167698532342911,0.4727523624897003,0.6617173552513123,-0.05236203223466873,0.4849953055381775,0.6288924813270569,-0.07071935385465622,0.5079351663589478,0.6011389493942261,-0.09080008417367935,0.4232752025127411,0.5858100056648254,-0.05089922249317169,0.4201410412788391,0.5285817384719849,-0.07849031686782837,0.4239397644996643,0.4969739019870758,-0.09816233813762665,0.42689812183380127,0.4669623374938965,-0.11226657032966614,0.3823097348213196,0.593691885471344,-0.05341223627328873,0.3692556619644165,0.5288358926773071,-0.07584375143051147,0.36192262172698975,0.4869806170463562,-0.0908486396074295,0.35548174381256104,0.4447759985923767,-0.10363394767045975,0.34806013107299805,0.6238521337509155,-0.058759283274412155,0.32366740703582764,0.559398353099823,-0.08355201035737991,0.30848148465156555,0.5185264945030212,-0.09790171682834625,0.29785850644111633,0.4761755168437958,-0.10887090116739273,0.32042381167411804,0.6702947020530701,-0.06627904623746872,0.2852022647857666,0.6363899111747742,-0.09145323187112808,0.26197680830955505,0.6172360181808472,-0.10215753316879272,0.24161815643310547,0.5925974249839783,-0.10980948805809021,OpenPalm
0.552051305770874,0.7182093858718872,4.656416763282323e-07,0.5994117259979248,0.6806336045265198,-0.022533871233463287,0.6309311985969543,0.6321873664855957,-0.042181018739938736,0.6580983996391296,0.5969255566596985,-0.06093987077474594,0.6921101808547974,0.5707724690437317,-0.08281952887773514,0.587494969367981,0.5586388111114502,-0.054165929555892944,0.5923261046409607,0.485465943813324,-0.08585254848003387,0.6086848378181458,0.4530438184738159,-0.1067725196480751,0.6302530169487,0.4275208115577698,-0.12106519937515259,0.5504995584487915,0.5675747394561768,-0.06366828829050064,0.5463309288024902,0.4927699565887451,-0.08906535059213638,0.5524415969848633,0.4453485608100891,-0.106106236577034,0.5628522634506226,0.40306463837623596,-0.11995293945074081,0.5156325101852417,0.605148196220398,-0.07484438270330429,0.49600863456726074,0.5371143221855164,-0.10175701230764389,0.48845401406288147,0.4908697009086609,-0.11963323503732681,0.48987025022506714,0.4445617198944092,-0.1335490494966507,0.48686254024505615,0.659109354019165,-0.08704448491334915,0.45377784967422485,0.6309650540351868,-0.1151716560125351,0.4361119568347931,0.6104490160942078,-0.12818209826946259,0.42411091923713684,0.5865143537521362,-0.13725461065769196,OpenPalm
0.5947207808494568,0.738483190536499,4.547724756776006e-07,0.6511293649673462,0.7136920690536499,-0.01636965572834015,0.6920070648193359,0.6698899865150452,-0.03766752779483795,0.7279691696166992,0.643251895904541,-0.05917108431458473,0.7694873213768005,0.6267321705818176,-0.08614059537649155,0.6652524471282959,0.6055331826210022,-0.06478140503168106,0.6864908337593079,0.5422059893608093,-0.10222052782773972,0.7106379270553589,0.51899653673172,-0.12896095216274261,0.7398945689201355,0.5046088695526123,-0.14885680377483368,0.6370387077331543,0.619877815246582,-0.08105766773223877,0.6445903778076172,0.5549372434616089,-0.11467929184436798,0.6611089706420898,0.5209141373634338,-0.1384267657995224,0.6821882724761963,0.49112245440483093,-0.15812304615974426,0.604764461517334,0.6570455431938171,-0.09750757366418839,0.5972352027893066,0.5959899425506592,-0.13097457587718964,0.6036003232002258,0.5586667060852051,-0.15343379974365234,0.6163201332092285,0.521232008934021,-0.17237186431884766,0.5748320817947388,0.7079271674156189,-0.11391916126012802,0.5513104200363159,0.6906545758247375,-0.14786995947360992,0.5442988872528076,0.675238311290741,-0.16480489075183868,0.5418837666511536,0.6567381024360657,-0.17829571664333344,OpenPalm
0.6092823147773743,0.8270731568336487,5.410473136180372e-07,0.6792967915534973,0.8241211771965027,-0.01312252040952444,0.7486790418624878,0.8607617616653442,-0.033330049365758896,0.7983841896057129,0.9185057878494263,-0.04982911795377731,0.8308343887329102,0.9682691693305969,-0.06707575172185898,0.7457301616668701,0.8520509004592896,-0.07375463843345642,0.8182712197303772,0.9111896753311157,-0.1063091829419136,0.8633666634559631,0.9534130096435547,-0.12292775511741638,0.9007065296173096,0.9843430519104004,-0.13234493136405945,0.7136898636817932,0.8837640881538391,-0.08210718631744385,0.7832141518592834,0.9593202471733093,-0.10961446911096573,0.8260921239852905,1.011576533317566,-0.11739913374185562,0.8572119474411011,1.0515334606170654,-0.12229647487401962,0.6710267663002014,0.9214637875556946,-0.08789169788360596,0.732862651348114,1.0005381107330322,-0.10929377377033234,0.7708176374435425,1.056438684463501,-0.10863543301820755,0.7987865209579468,1.0989227294921875,-0.10757063329219818,0.6264416575431824,0.9603481292724609,-0.09363429248332977,0.6722373962402344,1.021994709968567,-0.11061567068099976,0.7042744755744934,1.0664411783218384,-0.10895419865846634,0.7305428981781006,1.1051523685455322,-0.10587022453546524,OpenPalm
0.8215370774269104,0.5434862375259399,6.589039571736066e-07,0.751987874507904,0.5224953293800354,-0.035583753138780594,0.6983805894851685,0.47478097677230835,-0.06382415443658829,0.662794828414917,0.4372307062149048,-0.08897954225540161,0.6209745407104492,0.4075899124145508,-0.11803284287452698,0.7531100511550903,0.3378711938858032,-0.06785347312688828,0.7427797317504883,0.23249274492263794,-0.10051240026950836,0.7341310977935791,0.16890853643417358,-0.12366343289613724,0.724410355091095,0.1092778891324997,-0.1417199969291687,0.8149192333221436,0.3318401575088501,-0.07814836502075195,0.8257935643196106,0.203342005610466,-0.10705745220184326,0.8346296548843384,0.11902691423892975,-0.13127337396144867,0.8419908881187439,0.04109200835227966,-0.15122906863689423,0.8661577701568604,0.3613991141319275,-0.09059512615203857,0.898150622844696,0.23843441903591156,-0.12825839221477509,0.9239771366119385,0.15972301363945007,-0.15433380007743835,0.9427673816680908,0.08291995525360107,-0.17349937558174133,0.9083576798439026,0.41474100947380066,-0.1039130911231041,0.956436038017273,0.34796077013015747,-0.14291314780712128,0.9877792596817017,0.30571460723876953,-0.15827898681163788,1.0102887153625488,0.26048240065574646,-0.16884127259254456,OpenPalm
0.7987174391746521,0.5420942306518555,6.379239607667841e-07,0.7293502688407898,0.5148034691810608,-0.03127715364098549,0.6755552291870117,0.4629453122615814,-0.05585533007979393,0.6404614448547363,0.42628297209739685,-0.07834684103727341,0.599960207939148,0.4030303657054901,-0.1041916087269783,0.7296425700187683,0.3321167826652527,-0.06003119423985481,0.7188159227371216,0.22701504826545715,-0.09111892431974411,0.7050414681434631,0.16620133817195892,-0.11257129907608032,0.6895738244056702,0.11341185867786407,-0.12837745249271393,0.7888532280921936,0.32463523745536804,-0.07000278681516647,0.7961061000823975,0.19798564910888672,-0.09866119176149368,0.800326943397522,0.11405299603939056,-0.12242241948843002,0.8037993907928467,0.03933358192443848,-0.14078375697135925,0.8403737545013428,0.3507753312587738,-0.08209459483623505,0.8682626485824585,0.23100462555885315,-0.1194927990436554,0.8899099826812744,0.15040533244609833,-0.14772570133209229,0.9054515361785889,0.07364961504936218,-0.16736972332000732,0.8856008052825928,0.400083065032959,-0.09460821002721786,0.9407634139060974,0.33232930302619934,-0.13267770409584045,0.9770165681838989,0.28652751445770264,-0.15025363862514496,1.0051569938659668,0.2390165627002716,-0.1618930846452713,OpenPalm
0.7447831034660339,0.5067762732505798,6.798475169489393e-07,0.6747082471847534,0.48246580362319946,-0.028187692165374756,0.6147957444190979,0.4310198426246643,-0.05404950678348541,0.5752059817314148,0.39549916982650757,-0.07864082604646683,0.5329493284225464,0.37412557005882263,-0.1071457713842392,0.6544544100761414,0.2927189767360687,-0.06705223023891449,0.6344975829124451,0.18597844243049622,-0.10701771825551987,0.613392174243927,0.1293318122625351,-0.13372854888439178,0.5880262851715088,0.08041919767856598,-0.15196065604686737,0.7101913690567017,0.283063679933548,-0.08211583644151688,0.7045767903327942,0.14649425446987152,-0.11798730492591858,0.6972629427909851,0.05065286159515381,-0.14633792638778687,0.6883542537689209,-0.036933839321136475,-0.16711215674877167,0.7610364556312561,0.3088917136192322,-0.0990060493350029,0.7780727744102478,0.18723994493484497,-0.14202506840229034,0.7873505353927612,0.10392095148563385,-0.17388784885406494,0.7910347580909729,0.023601055145263672,-0.1953333467245102,0.8081592917442322,0.3588148057460785,-0.11588645726442337,0.8555589318275452,0.2928962707519531,-0.15907536447048187,0.884096086025238,0.24225446581840515,-0.17997805774211884,0.9058500528335571,0.18901166319847107,-0.19341860711574554,OpenPalm
0.7093621492385864,0.49513697624206543,6.84765780079033e-07,0.633786141872406,0.47653013467788696,-0.02944088540971279,0.5729482173919678,0.4262675642967224,-0.0583517923951149,0.5285546779632568,0.38979673385620117,-0.08597604930400848,0.4802209138870239,0.3660851716995239,-0.11775169521570206,0.6087476015090942,0.2802898585796356,-0.0725756585597992,0.5836254358291626,0.17081318795681,-0.11881078034639359,0.5564729571342468,0.1164839118719101,-0.15014030039310455,0.5243387222290039,0.07442106306552887,-0.17130906879901886,0.6603370308876038,0.27431848645210266,-0.08927398920059204,0.6516309380531311,0.14429160952568054,-0.13157348334789276,0.639061450958252,0.0606914758682251,-0.16307619214057922,0.6240989565849304,-0.0154285728931427,-0.1855611801147461,0.7088952660560608,0.3022122085094452,-0.10817327350378036,0.7209532260894775,0.18167094886302948,-0.15607008337974548,0.7244419455528259,0.09741704165935516,-0.1894107460975647,0.7214184999465942,0.013565540313720703,-0.21224278211593628,0.7550431489944458,0.35409289598464966,-0.12710073590278625,0.7991856336593628,0.28481587767601013,-0.1753779500722885,0.8242131471633911,0.2345697283744812,-0.1984572857618332,0.8410762548446655,0.18084120750427246,-0.2132851928472519,OpenPalm
0.6561184525489807,0.4771723449230194,6.168468189571286e-07,0.5824028253555298,0.46075189113616943,-0.032864443957805634,0.523248553276062,0.40958815813064575,-0.06459607183933258,0.47880882024765015,0.37468814849853516,-0.0942549854516983,0.42979538440704346,0.34909918904304504,-0.12789347767829895,0.5505598783493042,0.25984475016593933,-0.08001893013715744,0.5248975157737732,0.15429136157035828,-0.13230593502521515,0.4940321147441864,0.10348138213157654,-0.1690276563167572,0.45858025550842285,0.06718809902667999,-0.1941785216331482,0.5992111563682556,0.25633135437965393,-0.0974777564406395,0.5855063796043396,0.13579320907592773,-0.1483808308839798,0.5621505379676819,0.061980754137039185,-0.1851547211408615,0.5364148020744324,-0.004404425621032715,-0.21053795516490936,0.645292341709137,0.2849993109703064,-0.11743476986885071,0.6492505669593811,0.17192459106445312,-0.17208203673362732,0.6427291631698608,0.09247013926506042,-0.2084050476551056,0.6303950548171997,0.012929469347000122,-0.23273730278015137,0.688728392124176,0.33817166090011597,-0.13767285645008087,0.7230572700500488,0.26894983649253845,-0.19178564846515656,0.7404646277427673,0.2172657996416092,-0.21831928193569183,0.7502777576446533,0.16104911267757416,-0.2353818565607071,OpenPalm
0.591080904006958,0.4684390425682068,6.798221079407085e-07,0.5136376023292542,0.4567030370235443,-0.02592361904680729,0.4509338140487671,0.4079691171646118,-0.05546773597598076,0.4049888849258423,0.37641167640686035,-0.08400579541921616,0.3548334240913391,0.3631293475627899,-0.11700860410928726,0.4712391495704651,0.2652154266834259,-0.07997430115938187,0.4344097971916199,0.16108295321464539,-0.13029354810714722,0.3987653851509094,0.10701565444469452,-0.16377389430999756,0.35932642221450806,0.06429648399353027,-0.18746939301490784,0.5134562253952026,0.25822770595550537,-0.1000695750117302,0.4897007346153259,0.1313362717628479,-0.1510811746120453,0.45921534299850464,0.05111135542392731,-0.1858140230178833,0.4270661771297455,-0.019884556531906128,-0.21010500192642212,0.5560424327850342,0.2831078767776489,-0.12136475741863251,0.5547590255737305,0.16296342015266418,-0.1746443212032318,0.540631115436554,0.08635148406028748,-0.20869965851306915,0.5197759866714478,0.011017382144927979,-0.23205776512622833,0.599892795085907,0.33327651023864746,-0.1424856185913086,0.635288655757904,0.2582903206348419,-0.19506920874118805,0.6458637714385986,0.20519061386585236,-0.22124572098255157,0.6461900472640991,0.1478230208158493,-0.23873046040534973,OpenPalm
0.54701167345047,0.4586397409439087,7.212250352495175e-07,0.4707944393157959,0.4564632177352905,-0.026055587455630302,0.4024710953235626,0.4242035448551178,-0.057794246822595596,0.35205078125,0.408227801322937,-0.08817607909440994,0.29617559909820557,0.3949493169784546,-0.12357877194881439,0.40536031126976013,0.28004032373428345,-0.08821161091327667,0.3584137558937073,0.18225286900997162,-0.14067591726779938,0.31661051511764526,0.1360856592655182,-0.17531713843345642,0.2738499045372009,0.102454274892807,-0.20079325139522552,0.44858357310295105,0.2697409391403198,-0.11068912595510483,0.40673497319221497,0.15025392174720764,-0.16509905457496643,0.37173500657081604,0.07713297009468079,-0.20288299024105072,0.33536380529403687,0.011976689100265503,-0.22991546988487244,0.4967656135559082,0.29213595390319824,-0.13376356661319733,0.4783005118370056,0.1731961965560913,-0.19285845756530762,0.4578174948692322,0.0945068746805191,-0.2313794642686844,0.4292718768119812,0.017605096101760864,-0.2580319941043854,0.5490862727165222,0.33736056089401245,-0.15572847425937653,0.5688204765319824,0.2637667655944824,-0.21534745395183563,0.5724254250526428,0.21046504378318787,-0.24490238726139069,0.5647358894348145,0.15445753931999207,-0.2648824453353882,OpenPalm
0.4490165710449219,0.4275538921356201,9.606657158656162e-07,0.3961607813835144,0.4246295094490051,-0.04261893779039383,0.347448468208313,0.38958877325057983,-0.08266294002532959,0.30270877480506897,0.3683980405330658,-0.11773155629634857,0.24970901012420654,0.36478546261787415,-0.15745344758033752,0.35434573888778687,0.2514488101005554,-0.10762052237987518,0.31592944264411926,0.16510891914367676,-0.16779904067516327,0.2764648199081421,0.11432169377803802,-0.21063382923603058,0.2369968295097351,0.07362738251686096,-0.2409752607345581,0.39495915174484253,0.241861954331398,-0.12173667550086975,0.3624269366264343,0.13237471878528595,-0.18316584825515747,0.3297629952430725,0.05946764349937439,-0.2241741567850113,0.2981501519680023,-0.004115581512451172,-0.252057820558548,0.44326260685920715,0.260955810546875,-0.13671842217445374,0.42501765489578247,0.15677306056022644,-0.19630561769008636,0.40448373556137085,0.09190218150615692,-0.22767841815948486,0.3820854425430298,0.03320738673210144,-0.24742913246154785,0.4924919605255127,0.30245333909988403,-0.15302085876464844,0.5088606476783752,0.22532802820205688,-0.20702257752418518,0.508715033531189,0.1699443757534027,-0.22954563796520233,0.5016119480133057,0.11708506941795349,-0.2436031699180603,OpenPalm
0.7994426488876343,0.5457748174667358,8.425927831012814e-07,0.7353998422622681,0.5265027284622192,-0.044488199055194855,0.6879246234893799,0.4856480658054352,-0.08227959275245667,0.655532956123352,0.4509961009025574,-0.1147320494055748,0.6169737577438354,0.4182104766368866,-0.15086661279201508,0.7343900799751282,0.36656948924064636,-0.09402602910995483,0.745955765247345,0.2657981514930725,-0.13960953056812286,0.7580406069755554,0.20140555500984192,-0.17049439251422882,0.7718691825866699,0.13938665390014648,-0.19210641086101532,0.7881302237510681,0.3677728772163391,-0.09973326325416565,0.8043524026870728,0.2501750588417053,-0.14225362241268158,0.8170878291130066,0.17003071308135986,-0.17084920406341553,0.8294891119003296,0.09429013729095459,-0.19239774346351624,0.8341981172561646,0.39378705620765686,-0.10732860118150711,0.8520154356956482,0.28289198875427246,-0.14757822453975677,0.8651794791221619,0.2067960500717163,-0.17110131680965424,0.8762049674987793,0.134792298078537,-0.18786202371120453,0.8744626641273499,0.4339919090270996,-0.11705461889505386,0.8936858177185059,0.3561252951622009,-0.15320636332035065,0.9020226001739502,0.29898929595947266,-0.16934582591056824,0.9075385332107544,0.24165038764476776,-0.18084880709648132,OpenPalm
0.7798444628715515,0.5295495986938477,8.766521091274626e-07,0.716442883014679,0.5060437917709351,-0.03989340737462044,0.6679009795188904,0.4623773694038391,-0.07354709506034851,0.6356504559516907,0.42753052711486816,-0.10233348608016968,0.5998127460479736,0.3969687819480896,-0.13438589870929718,0.7145916223526001,0.3385312557220459,-0.08242399245500565,0.7261496782302856,0.23517468571662903,-0.12253274768590927,0.7374367117881775,0.16698361933231354,-0.1497511863708496,0.7508214712142944,0.10523003339767456,-0.16837242245674133,0.7669556140899658,0.3390224575996399,-0.08798426389694214,0.7833242416381836,0.21452215313911438,-0.12320371717214584,0.7959717512130737,0.13284710049629211,-0.1484607607126236,0.8083271980285645,0.05942898988723755,-0.16780908405780792,0.8122510313987732,0.36403486132621765,-0.09537696093320847,0.8324195742607117,0.24716486036777496,-0.12971770763397217,0.8454855680465698,0.1699208766222,-0.1522059440612793,0.855552077293396,0.10037782788276672,-0.16847485303878784,0.8524728417396545,0.4055612087249756,-0.10456792265176773,0.873746395111084,0.3229645788669586,-0.13591092824935913,0.8842935562133789,0.26575395464897156,-0.15042398869991302,0.8903724551200867,0.2105153650045395,-0.16074174642562866,OpenPalm
0.7350793480873108,0.5445536375045776,8.981645578387543e-07,0.6715315580368042,0.5270899534225464,-0.04068267345428467,0.6240401864051819,0.4860650897026062,-0.07803422212600708,0.5888356566429138,0.45372089743614197,-0.11098898202180862,0.5483967065811157,0.4277396500110626,-0.14800657331943512,0.6617655158042908,0.3688262701034546,-0.0940900519490242,0.6627382040023804,0.2662005126476288,-0.1433371752500534,0.669912576675415,0.19831380248069763,-0.17690882086753845,0.6802122592926025,0.13506042957305908,-0.2000288963317871,0.7108383774757385,0.3699100613594055,-0.10330889374017715,0.7166779041290283,0.2526377737522125,-0.1501074731349945,0.7237899303436279,0.17137570679187775,-0.18091706931591034,0.731881856918335,0.0964958667755127,-0.203281432390213,0.7554967999458313,0.39562758803367615,-0.114324189722538,0.7630683779716492,0.2845650911331177,-0.1578199863433838,0.7714558243751526,0.20894676446914673,-0.18249009549617767,0.7779017686843872,0.13903990387916565,-0.19936847686767578,0.796508252620697,0.4342689514160156,-0.12716837227344513,0.8100343346595764,0.35603004693984985,-0.16605697572231293,0.8154909610748291,0.2976169288158417,-0.18379031121730804,0.8176884055137634,0.24083034694194794,-0.19597476720809937,OpenPalm
0.7139798998832703,0.5437955260276794,7.964569022078649e-07,0.6465710401535034,0.5288856029510498,-0.030879495665431023,0.5943312644958496,0.4858648180961609,-0.06100299954414368,0.5550587773323059,0.4547872543334961,-0.08830924332141876,0.5113663077354431,0.4352811574935913,-0.11946289986371994,0.6265170574188232,0.3698277175426483,-0.07599905878305435,0.6204713582992554,0.27017083764076233,-0.11766358464956284,0.6216402053833008,0.2057366967201233,-0.14529113471508026,0.6245187520980835,0.1450844705104828,-0.16466547548770905,0.6742692589759827,0.3685764968395233,-0.0881354957818985,0.6738524436950684,0.2523677349090576,-0.1275191307067871,0.6746618747711182,0.173459991812706,-0.15325023233890533,0.6757879853248596,0.10114285349845886,-0.17156505584716797,0.7189183235168457,0.3940820097923279,-0.10178472846746445,0.7217722535133362,0.28140562772750854,-0.14106357097625732,0.7251377701759338,0.2072465866804123,-0.163518026471138,0.7261293530464172,0.1364256739616394,-0.17829184234142303,0.760474681854248,0.43434014916419983,-0.11631810665130615,0.7702904939651489,0.3584107756614685,-0.15437711775302887,0.7730984091758728,0.30314600467681885,-0.17106646299362183,0.7718288898468018,0.24794858694076538,-0.1814737170934677,OpenPalm
0.689874529838562,0.522614061832428,8.738772976357723e-07,0.6164065599441528,0.5125628113746643,-0.03509874641895294,0.5600360631942749,0.4746258854866028,-0.07247363030910492,0.5163339376449585,0.4450621008872986,-0.10679688304662704,0.46775248646736145,0.42196124792099,-0.14587391912937164,0.5864222645759583,0.35761532187461853,-0.0981503501534462,0.5740892887115479,0.25941529870033264,-0.1525026261806488,0.5689319372177124,0.19222392141819,-0.18886664509773254,0.5673909783363342,0.12836286425590515,-0.21449948847293854,0.6298836469650269,0.3553161919116974,-0.11321446299552917,0.6211315393447876,0.2418237179517746,-0.16803880035877228,0.6160268187522888,0.1588820517063141,-0.2033986747264862,0.6132554411888123,0.08057796955108643,-0.22888779640197754,0.6733896732330322,0.37768128514289856,-0.12945906817913055,0.6692379713058472,0.2700796127319336,-0.18204788863658905,0.6693140268325806,0.19465523958206177,-0.21227115392684937,0.6683711409568787,0.12315356731414795,-0.23260167241096497,0.7163411378860474,0.4151562452316284,-0.14646445214748383,0.7217966318130493,0.3409759998321533,-0.1947334259748459,0.721541702747345,0.28286606073379517,-0.21869033575057983,0.7192360162734985,0.22527483105659485,-0.2352781891822815,OpenPalm
0.6600489616394043,0.5124622583389282,8.444696959486464e-07,0.5896084904670715,0.4990536570549011,-0.031112441793084145,0.5327779054641724,0.45749667286872864,-0.06410510092973709,0.4887130558490753,0.4268031716346741,-0.09470634907484055,0.4410501718521118,0.4034315347671509,-0.12948749959468842,0.5600962042808533,0.33619368076324463,-0.08444707095623016,0.5431246757507324,0.23565778136253357,-0.13361626863479614,0.5370432138442993,0.16748152673244476,-0.16648359596729279,0.5334994196891785,0.1027049571275711,-0.1892525851726532,0.6020990014076233,0.33379945158958435,-0.0993301048874855,0.5887847542762756,0.21630507707595825,-0.14789751172065735,0.5804429054260254,0.12969227135181427,-0.17901940643787384,0.5734425783157349,0.04827982187271118,-0.20077182352542877,0.6444571614265442,0.3574022650718689,-0.11551139503717422,0.6372390389442444,0.24574312567710876,-0.1626986563205719,0.633502185344696,0.16723750531673431,-0.188407301902771,0.6277182698249817,0.09207254648208618,-0.20494164526462555,0.6858853101730347,0.39641866087913513,-0.1324833184480667,0.6899620890617371,0.31811583042144775,-0.1760738492012024,0.6888153553009033,0.2580091953277588,-0.1954200565814972,0.6849678754806519,0.19835461676120758,-0.2077658325433731,OpenPalm
0.7619480490684509,0.5076936483383179,6.946496000637126e-07,0.6917793154716492,0.47296178340911865,-0.029307765886187553,0.6365776062011719,0.4174721837043762,-0.05231796205043793,0.5981651544570923,0.3758021891117096,-0.07308990508317947,0.5628237128257751,0.3444235324859619,-0.09586635231971741,0.6812503933906555,0.29917383193969727,-0.05538823455572128,0.6852867007255554,0.19119390845298767,-0.09151974320411682,0.6924978494644165,0.12347903847694397,-0.1185688003897667,0.7011902928352356,0.06254953145980835,-0.13635189831256866,0.7278988361358643,0.3019638955593109,-0.06338939815759659,0.7388008832931519,0.18026068806648254,-0.09099084883928299,0.7483981251716614,0.10450369119644165,-0.11112426221370697,0.7592756748199463,0.04051777720451355,-0.12621763348579407,0.7721927165985107,0.32557782530784607,-0.07378680258989334,0.7887261509895325,0.22000813484191895,-0.1012987345457077,0.8042654991149902,0.15089863538742065,-0.11444073915481567,0.8197919726371765,0.09432005882263184,-0.12287994474172592,0.8115897178649902,0.36684975028038025,-0.08618280291557312,0.8312684297561646,0.2942216694355011,-0.10970432311296463,0.8477144241333008,0.243765190243721,-0.11398611217737198,0.8614444136619568,0.20194470882415771,-0.11566702276468277,OpenPalm
0.7356730699539185,0.5048123002052307,7.905677534836286e-07,0.6696493625640869,0.4798380136489868,-0.02873201109468937,0.6183238625526428,0.43104034662246704,-0.05425364524126053,0.582870602607727,0.39409440755844116,-0.07728023082017899,0.5465368628501892,0.36711546778678894,-0.10313378274440765,0.6638587713241577,0.3087676763534546,-0.06031535938382149,0.6672801971435547,0.2070973962545395,-0.09473322331905365,0.6735926866531372,0.1407468467950821,-0.11905442178249359,0.6814731359481812,0.08098658919334412,-0.13597168028354645,0.7127798199653625,0.3072374761104584,-0.07054454833269119,0.7207033634185791,0.1859874129295349,-0.10038642585277557,0.726333737373352,0.10479600727558136,-0.1226116269826889,0.7321965098381042,0.032632261514663696,-0.13920296728610992,0.756894052028656,0.33022212982177734,-0.08267955482006073,0.7698248624801636,0.2142930030822754,-0.11419683694839478,0.7771835923194885,0.14047618210315704,-0.13369859755039215,0.7821050882339478,0.07250908017158508,-0.14733099937438965,0.7985832095146179,0.37152984738349915,-0.0960153117775917,0.8227219581604004,0.29532864689826965,-0.1266334503889084,0.8365671038627625,0.24383969604969025,-0.13871125876903534,0.8450664281845093,0.19372007250785828,-0.14629074931144714,OpenPalm
0.6878995895385742,0.5239725112915039,8.592579092692176e-07,0.6195307970046997,0.5086262226104736,-0.033811092376708984,0.5672537088394165,0.46756038069725037,-0.0667591318488121,0.5275954604148865,0.434691846370697,-0.09642639011144638,0.48338454961776733,0.4121434986591339,-0.12982521951198578,0.6009841561317444,0.35221898555755615,-0.08385471999645233,0.5935242772102356,0.25056007504463196,-0.1302330493927002,0.5945446491241455,0.18447618186473846,-0.1614428609609604,0.5986221432685852,0.12314093112945557,-0.183018296957016,0.6455639004707336,0.3531210720539093,-0.0963105633854866,0.6420571208000183,0.23725295066833496,-0.14085015654563904,0.6409722566604614,0.15524108707904816,-0.1694161742925644,0.6422258615493774,0.07999426126480103,-0.1896267682313919,0.6883589029312134,0.37959179282188416,-0.1103702038526535,0.6909101009368896,0.2679234445095062,-0.15451273322105408,0.6951911449432373,0.19453713297843933,-0.1783885806798935,0.6976026296615601,0.12449614703655243,-0.19410595297813416,0.7292822599411011,0.42156532406806946,-0.12548686563968658,0.7445713877677917,0.34810519218444824,-0.16787347197532654,0.7517185211181641,0.2943000793457031,-0.18581891059875488,0.7545360326766968,0.2399766445159912,-0.19704501330852509,OpenPalm
0.6266577243804932,0.5332337021827698,8.54467032240791e-07,0.5534769296646118,0.5236996412277222,-0.029796747490763664,0.49771395325660706,0.48479437828063965,-0.06873415410518646,0.4526859521865845,0.4606954753398895,-0.10584887862205505,0.4003058075904846,0.44137105345726013,-0.1491730809211731,0.5172834396362305,0.3717188835144043,-0.10861551761627197,0.49828967452049255,0.27563780546188354,-0.16808103024959564,0.48586368560791016,0.20813705027103424,-0.20881590247154236,0.4771530330181122,0.1447962075471878,-0.23881958425045013,0.5585357546806335,0.3735719621181488,-0.13025012612342834,0.5426033735275269,0.26369333267211914,-0.19178953766822815,0.5300401449203491,0.18474936485290527,-0.2333148568868637,0.5191386342048645,0.107363760471344,-0.2647079527378082,0.6010031700134277,0.39957308769226074,-0.15166576206684113,0.590872049331665,0.2966226041316986,-0.2106781303882599,0.5842136144638062,0.22199246287345886,-0.24726508557796478,0.5775367021560669,0.15130077302455902,-0.2734290361404419,0.6425153017044067,0.4418902099132538,-0.172912135720253,0.6444623470306396,0.37123891711235046,-0.22858808934688568,0.6419687271118164,0.3168933093547821,-0.25811657309532166,0.6380034685134888,0.26344025135040283,-0.2797768712043762,OpenPalm
0.5625009536743164,0.5037680864334106,8.290058417514956e-07,0.48764273524284363,0.5018686652183533,-0.02609294280409813,0.4238758087158203,0.45774126052856445,-0.05421288311481476,0.3764609396457672,0.42824703454971313,-0.0808112695813179,0.3235936164855957,0.41486966609954834,-0.11142301559448242,0.4306422770023346,0.3304751515388489,-0.07250304520130157,0.39484891295433044,0.22848045825958252,-0.11684271693229675,0.3748171627521515,0.16304565966129303,-0.14697478711605072,0.35803142189979553,0.1015864908695221,-0.16862109303474426,0.4670364558696747,0.32423314452171326,-0.08913246542215347,0.4322728216648102,0.20783931016921997,-0.132400780916214,0.40837329626083374,0.1260434091091156,-0.16153284907341003,0.38663914799690247,0.050586313009262085,-0.18283064663410187,0.5094802379608154,0.3437158763408661,-0.1071966290473938,0.4805513620376587,0.23045746982097626,-0.15115398168563843,0.46369680762290955,0.15264549851417542,-0.17692646384239197,0.44592005014419556,0.07935717701911926,-0.19476322829723358,0.5551000833511353,0.3809387683868408,-0.12583211064338684,0.5440802574157715,0.30469340085983276,-0.16864630579948425,0.5334692597389221,0.2471049726009369,-0.18894800543785095,0.5205354690551758,0.18987686932086945,-0.2028922736644745,OpenPalm
0.5993160009384155,0.5875760316848755,4.487602325298212e-07,0.5453810691833496,0.5755126476287842,-0.026682406663894653,0.49209657311439514,0.5339649319648743,-0.05364768207073212,0.44856420159339905,0.5093734264373779,-0.07901888340711594,0.4023553729057312,0.5073437690734863,-0.10809817165136337,0.5090280771255493,0.42203488945961,-0.0701640322804451,0.482472687959671,0.3209671080112457,-0.10731258243322372,0.4702584743499756,0.26590830087661743,-0.1306799203157425,0.45842447876930237,0.21520213782787323,-0.14773306250572205,0.5498562455177307,0.41487881541252136,-0.08416502177715302,0.5280813574790955,0.2971983253955841,-0.11954958736896515,0.5156918168067932,0.22682219743728638,-0.14061985909938812,0.504940927028656,0.16610130667686462,-0.1560295820236206,0.5932095646858215,0.434915691614151,-0.09939807653427124,0.5791757106781006,0.327601820230484,-0.13849149644374847,0.5745501518249512,0.26080477237701416,-0.15801379084587097,0.5671917200088501,0.19710224866867065,-0.17135089635849,0.6380060315132141,0.47146713733673096,-0.11517179757356644,0.6485509872436523,0.40653467178344727,-0.15389639139175415,0.6545745730400085,0.3614867627620697,-0.16757117211818695,0.6553984880447388,0.3165002763271332,-0.17626897990703583,OpenPalm
0.6530287265777588,0.6692897081375122,6.210613037183066e-07,0.5969399213790894,0.6524904370307922,-0.02259884960949421,0.554144561290741,0.6172258853912354,-0.044279053807258606,0.5160182118415833,0.6007242798805237,-0.06481590867042542,0.4734620153903961,0.599932849407196,-0.08918511867523193,0.5813631415367126,0.5389220714569092,-0.060703203082084656,0.565667986869812,0.45392507314682007,-0.09169386327266693,0.5577127933502197,0.3984833359718323,-0.11181909590959549,0.5504518151283264,0.3477129638195038,-0.1267540007829666,0.6221785545349121,0.5386102795600891,-0.07292179018259048,0.6114609241485596,0.44239819049835205,-0.10227663069963455,0.604066014289856,0.37458133697509766,-0.1221223846077919,0.5982413291931152,0.31275856494903564,-0.1373969316482544,0.6628274917602539,0.5600271821022034,-0.085918128490448,0.6626495718955994,0.4677793085575104,-0.12056516855955124,0.6625147461891174,0.4038405418395996,-0.14161521196365356,0.659040629863739,0.3424844741821289,-0.1560528427362442,0.7026968002319336,0.5951371192932129,-0.09897242486476898,0.7273428440093994,0.5364582538604736,-0.13493548333644867,0.7433425784111023,0.4943438172340393,-0.14980289340019226,0.7526494264602661,0.45189231634140015,-0.15946726500988007,OpenPalm
0.7157891392707825,0.6620925664901733,6.714019491482759e-07,0.6597983837127686,0.6538788676261902,-0.034183695912361145,0.6160871982574463,0.6204823851585388,-0.06295611709356308,0.5817928910255432,0.6044764518737793,-0.08808112144470215,0.5409908294677734,0.6106551885604858,-0.11797827482223511,0.6570097208023071,0.5473483204841614,-0.0848398432135582,0.6564734578132629,0.4588035047054291,-0.1205713227391243,0.6630512475967407,0.39916855096817017,-0.14404714107513428,0.6702389121055603,0.3431158661842346,-0.16176021099090576,0.7079992890357971,0.5521913766860962,-0.09402239322662354,0.7126961946487427,0.4518321454524994,-0.12560506165027618,0.7189925312995911,0.38415980339050293,-0.14571315050125122,0.7251700162887573,0.32133352756500244,-0.16325007379055023,0.7533625960350037,0.5784633755683899,-0.10394135117530823,0.7669889330863953,0.481493204832077,-0.14066734910011292,0.7782237529754639,0.4143943786621094,-0.15994177758693695,0.78532874584198,0.34915387630462646,-0.17480209469795227,0.7928423881530762,0.618089497089386,-0.11498971283435822,0.8257273435592651,0.5561169385910034,-0.15229198336601257,0.8500065803527832,0.5126418471336365,-0.16592180728912354,0.8668520450592041,0.4668879508972168,-0.17635555565357208,OpenPalm
0.8028092980384827,0.5327012538909912,6.692924898743513e-07,0.7349326610565186,0.5171581506729126,-0.04205009341239929,0.6781962513923645,0.46995308995246887,-0.07231774926185608,0.63503098487854,0.429004430770874,-0.09806840866804123,0.5879072546958923,0.3994194269180298,-0.12797392904758453,0.7414840459823608,0.37109440565109253,-0.08551623672246933,0.7236512303352356,0.2601063847541809,-0.12256737053394318,0.7135515213012695,0.18856719136238098,-0.14723503589630127,0.7062773704528809,0.12155690789222717,-0.16612204909324646,0.80159592628479,0.3651011288166046,-0.09268271923065186,0.8111984729766846,0.235794335603714,-0.12419701367616653,0.8213414549827576,0.14740489423274994,-0.14854630827903748,0.8326007723808289,0.06786635518074036,-0.16977590322494507,0.8503462076187134,0.39015263319015503,-0.10166693478822708,0.8861560225486755,0.2711391746997833,-0.14238892495632172,0.9130207896232605,0.19117195904254913,-0.169229656457901,0.9341612458229065,0.11616714298725128,-0.18931949138641357,0.8898196220397949,0.43657386302948,-0.11195039749145508,0.9446539282798767,0.37154826521873474,-0.15408803522586823,0.9819350242614746,0.3282170295715332,-0.1716741919517517,1.0104095935821533,0.283879816532135,-0.18451964855194092,OpenPalm
0.7347144484519958,0.5146403908729553,6.540819867950631e-07,0.6640338897705078,0.502383828163147,-0.03786187246441841,0.6057528853416443,0.45863214135169983,-0.06664105504751205,0.5600564479827881,0.42642441391944885,-0.09181953221559525,0.5116267204284668,0.40989404916763306,-0.12117036432027817,0.6588826179504395,0.3536747992038727,-0.0839441642165184,0.6383554935455322,0.2446841597557068,-0.1204439178109169,0.624644935131073,0.17487654089927673,-0.14410607516765594,0.6131219267845154,0.11112900078296661,-0.16208958625793457,0.7138131856918335,0.3463277220726013,-0.09299130737781525,0.7099646329879761,0.22061654925346375,-0.12622572481632233,0.7076625227928162,0.13180886209011078,-0.1509200483560562,0.7078441381454468,0.053856462240219116,-0.17181313037872314,0.764038622379303,0.3679247796535492,-0.1034344807267189,0.7838832139968872,0.2517286539077759,-0.1442815512418747,0.7983878254890442,0.16959315538406372,-0.17160728573799133,0.8097777962684631,0.09500329196453094,-0.19186949729919434,0.8093729019165039,0.4103456139564514,-0.11497843265533447,0.8576364517211914,0.33647406101226807,-0.15676802396774292,0.8909967541694641,0.28614649176597595,-0.17579522728919983,0.9171735644340515,0.23702779412269592,-0.1896917223930359,OpenPalm
0.7103111743927002,0.5113420486450195,7.750709869469574e-07,0.6366173624992371,0.48807477951049805,-0.029238376766443253,0.5752326250076294,0.4422612190246582,-0.05520455911755562,0.5234124660491943,0.41110485792160034,-0.07959054410457611,0.47064077854156494,0.39685553312301636,-0.10758892446756363,0.61110919713974,0.3235050141811371,-0.07105399668216705,0.581183910369873,0.21525342762470245,-0.10914793610572815,0.5605973601341248,0.14767414331436157,-0.13319304585456848,0.543469250202179,0.08554011583328247,-0.1513703167438507,0.6602573990821838,0.31771957874298096,-0.08527451008558273,0.6494064331054688,0.1945258527994156,-0.12205418199300766,0.6408334970474243,0.11046425998210907,-0.14727523922920227,0.6348771452903748,0.03495296835899353,-0.1662912219762802,0.7069718837738037,0.34270405769348145,-0.10107432305812836,0.7209446430206299,0.2287425696849823,-0.1452426165342331,0.7273143529891968,0.14973747730255127,-0.17258960008621216,0.7299109101295471,0.0739884078502655,-0.1910116821527481,0.7506524324417114,0.38954034447669983,-0.11719513684511185,0.794284999370575,0.3210676312446594,-0.1636120080947876,0.8201316595077515,0.269649475812912,-0.18433037400245667,0.838595449924469,0.2170887142419815,-0.19734500348567963,OpenPalm
0.665513277053833,0.4914919137954712,8.331084018209367e-07,0.5938347578048706,0.47417718172073364,-0.028161078691482544,0.5294123291969299,0.4364713132381439,-0.05778483673930168,0.47625166177749634,0.41475504636764526,-0.08576569706201553,0.42237091064453125,0.4016122817993164,-0.11805742233991623,0.556054949760437,0.3052927851676941,-0.08033959567546844,0.5204951167106628,0.20532870292663574,-0.1254163682460785,0.4930024743080139,0.1443110853433609,-0.15489892661571503,0.4669671058654785,0.08941811323165894,-0.17653992772102356,0.6020143628120422,0.29944393038749695,-0.09779749065637589,0.5773377418518066,0.17884260416030884,-0.14226128160953522,0.5590478777885437,0.09196165204048157,-0.17229199409484863,0.5438628792762756,0.011449873447418213,-0.1937292367219925,0.6489421129226685,0.3250829875469208,-0.11633875966072083,0.6451684236526489,0.21212351322174072,-0.1670844554901123,0.6420082449913025,0.1321641504764557,-0.19802755117416382,0.6368820667266846,0.05440002679824829,-0.2182912826538086,0.6960821151733398,0.37251508235931396,-0.13466747105121613,0.7296375036239624,0.3023562431335449,-0.1869516223669052,0.75115966796875,0.25115370750427246,-0.21007733047008514,0.7664880156517029,0.19879211485385895,-0.22411158680915833,OpenPalm
0.6026490330696106,0.4907463788986206,7.491157134609239e-07,0.5266749858856201,0.47884970903396606,-0.022134415805339813,0.46656978130340576,0.4414912462234497,-0.04992620274424553,0.41494959592819214,0.4244576394557953,-0.07703596353530884,0.3609219491481781,0.4196743369102478,-0.10889662802219391,0.4858788549900055,0.3192591071128845,-0.07609633356332779,0.4466760754585266,0.2240428626537323,-0.11856803297996521,0.4142323434352875,0.1672396957874298,-0.14646555483341217,0.3830762803554535,0.11781065165996552,-0.16764910519123077,0.525826632976532,0.31930646300315857,-0.09684470295906067,0.49859464168548584,0.20739850401878357,-0.14090567827224731,0.47245991230010986,0.13328610360622406,-0.17025773227214813,0.44884979724884033,0.06615164875984192,-0.19125960767269135,0.5693778395652771,0.34837839007377625,-0.11789784580469131,0.561194658279419,0.23543903231620789,-0.16818957030773163,0.5522098541259766,0.15841977298259735,-0.19898751378059387,0.5389049649238586,0.08259297907352448,-0.21985380351543427,0.6139044165611267,0.398037314414978,-0.13807469606399536,0.6415680050849915,0.33002984523773193,-0.19033797085285187,0.6588685512542725,0.28178995847702026,-0.21308889985084534,0.6697129011154175,0.23162025213241577,-0.2273222655057907,OpenPalm
0.6222047805786133,0.5307087898254395,5.503420652530622e-07,0.5556318759918213,0.5148310661315918,-0.017852965742349625,0.5021684765815735,0.47685298323631287,-0.04107608646154404,0.4545974135398865,0.46266698837280273,-0.06408965587615967,0.404732882976532,0.4610498547554016,-0.09098668396472931,0.5244960188865662,0.38243454694747925,-0.0670057088136673,0.48927173018455505,0.29388442635536194,-0.10289860516786575,0.4608920216560364,0.24671787023544312,-0.12579147517681122,0.4331072270870209,0.20734740793704987,-0.14309363067150116,0.562402606010437,0.38442936539649963,-0.0854693129658699,0.5390621423721313,0.2832021117210388,-0.12077690660953522,0.5182064175605774,0.22022759914398193,-0.14335520565509796,0.5007014870643616,0.165923610329628,-0.16021989285945892,0.6029523611068726,0.4121913015842438,-0.10395552217960358,0.5990162491798401,0.3122216463088989,-0.14366663992404938,0.5911257863044739,0.24862180650234222,-0.16714707016944885,0.5800607800483704,0.19083701074123383,-0.1840730607509613,0.6423922777175903,0.4580404758453369,-0.12184955179691315,0.6703536510467529,0.4051021337509155,-0.1631537228822708,0.6856561899185181,0.36403101682662964,-0.18014855682849884,0.6954388618469238,0.3248477876186371,-0.1913067102432251,OpenPalm
0.7206268310546875,0.5952935218811035,3.6416776083569857e-07,0.6646433472633362,0.5917513370513916,-0.03208541125059128,0.615776538848877,0.5599055290222168,-0.05680752545595169,0.5763177871704102,0.5381661653518677,-0.07851831614971161,0.5334274768829346,0.5255601406097412,-0.10352814197540283,0.6570939421653748,0.47871777415275574,-0.07366321235895157,0.6424525380134583,0.39293068647384644,-0.10426920652389526,0.6280970573425293,0.3460107445716858,-0.12389644980430603,0.6109696626663208,0.30471736192703247,-0.13857223093509674,0.7058103680610657,0.47752243280410767,-0.08094649761915207,0.7045474648475647,0.38824379444122314,-0.10643892735242844,0.7009715437889099,0.3307202458381653,-0.1259876787662506,0.696475625038147,0.27816832065582275,-0.14346732199192047,0.7504379749298096,0.5000442266464233,-0.08889556676149368,0.7664716243743896,0.416787713766098,-0.12419307976961136,0.7796326875686646,0.3625977039337158,-0.1464778482913971,0.7874758243560791,0.3123418092727661,-0.16331195831298828,0.7890700101852417,0.5398356914520264,-0.09746398776769638,0.8321744799613953,0.4907086193561554,-0.13728922605514526,0.8636965155601501,0.46533092856407166,-0.1534637063741684,0.8868386745452881,0.4402262270450592,-0.16450577974319458,OpenPalm
0.7580674886703491,0.4800565242767334,9.329551176051609e-07,0.6882665157318115,0.4654444754123688,-0.04692520573735237,0.6377660632133484,0.42431315779685974,-0.08994665741920471,0.6034650206565857,0.3927607536315918,-0.12799112498760223,0.5633951425552368,0.36303603649139404,-0.1714412122964859,0.6774790287017822,0.29074451327323914,-0.11100371927022934,0.6832090616226196,0.18864452838897705,-0.16757512092590332,0.690792441368103,0.1204867959022522,-0.20756709575653076,0.7017150521278381,0.056648701429367065,-0.23667535185813904,0.7303416728973389,0.2901737689971924,-0.12220101058483124,0.7422980070114136,0.16985318064689636,-0.17891301214694977,0.7516739368438721,0.08818100392818451,-0.2203904390335083,0.7600558996200562,0.006774544715881348,-0.2517688572406769,0.775566816329956,0.3149036467075348,-0.13505819439888,0.78830885887146,0.20291803777217865,-0.18811172246932983,0.7984245419502258,0.12443722784519196,-0.22520025074481964,0.8064295053482056,0.05050390958786011,-0.2521195411682129,0.8166482448577881,0.35637685656547546,-0.1496359258890152,0.8329232335090637,0.27735307812690735,-0.19666801393032074,0.8388352394104004,0.21698354184627533,-0.22381523251533508,0.841964840888977,0.15716411173343658,-0.24466665089130402,OpenPalm
0.702257513999939,0.4668775796890259,8.836818778945599e-07,0.6335305571556091,0.44994962215423584,-0.04220322147011757,0.5802562236785889,0.4095991253852844,-0.08168496191501617,0.5415393710136414,0.379079133272171,-0.11714345961809158,0.49693429470062256,0.3526897132396698,-0.15688520669937134,0.6104135513305664,0.2699785530567169,-0.0965680480003357,0.6049942374229431,0.16400909423828125,-0.15021289885044098,0.6048307418823242,0.09425601363182068,-0.18835797905921936,0.6075602769851685,0.028646200895309448,-0.21537035703659058,0.6582604050636292,0.268808513879776,-0.10844937711954117,0.6588667035102844,0.14642371237277985,-0.16002102196216583,0.6599265336990356,0.06307561695575714,-0.19611315429210663,0.6614578366279602,-0.01555776596069336,-0.2223631590604782,0.70280921459198,0.294497013092041,-0.1224571093916893,0.7056291103363037,0.17997470498085022,-0.1700967401266098,0.7100436687469482,0.10090622305870056,-0.19940312206745148,0.7135294675827026,0.027651607990264893,-0.21985645592212677,0.7453058362007141,0.3380696773529053,-0.1385921686887741,0.756064772605896,0.2564215064048767,-0.18223628401756287,0.7579892873764038,0.19437286257743835,-0.20414534211158752,0.7579098343849182,0.13420720398426056,-0.21938692033290863,OpenPalm
0.6978510618209839,0.466682493686676,8.713198553778057e-07,0.6314039826393127,0.44877344369888306,-0.038870539516210556,0.5782761573791504,0.4066547453403473,-0.07385199517011642,0.538565993309021,0.3745606243610382,-0.10514594614505768,0.49577319622039795,0.34997397661209106,-0.13976773619651794,0.6085560917854309,0.2651166617870331,-0.08134984970092773,0.601384162902832,0.16130441427230835,-0.12941250205039978,0.6015105843544006,0.09222225844860077,-0.16384246945381165,0.604762852191925,0.027204185724258423,-0.18783153593540192,0.654720664024353,0.26230698823928833,-0.09174542129039764,0.6539170742034912,0.14158153533935547,-0.136473149061203,0.6555646061897278,0.05824404954910278,-0.16677644848823547,0.6585533618927002,-0.018694698810577393,-0.18817578256130219,0.6982651352882385,0.2876916527748108,-0.10487697273492813,0.7006735801696777,0.17391276359558105,-0.14705702662467957,0.7053260207176208,0.09552492201328278,-0.17130082845687866,0.7091608643531799,0.0224953293800354,-0.18754883110523224,0.7400261759757996,0.33083581924438477,-0.12021251022815704,0.7495749592781067,0.25094667077064514,-0.15963006019592285,0.7514691352844238,0.1908794492483139,-0.17762114107608795,0.7508877515792847,0.1319146305322647,-0.18916942179203033,OpenPalm
0.6445016264915466,0.4729210138320923,7.499346565964515e-07,0.5771496891975403,0.45989176630973816,-0.03009265847504139,0.5208116173744202,0.417819082736969,-0.05867209658026695,0.476891428232193,0.38948243856430054,-0.08459392189979553,0.43245765566825867,0.3748573958873749,-0.11383866518735886,0.547271728515625,0.2888696789741516,-0.06861219555139542,0.5290284752845764,0.18504300713539124,-0.10821166634559631,0.5215749740600586,0.11793266236782074,-0.13579781353473663,0.5172424912452698,0.05650591850280762,-0.15495766699314117,0.5871988534927368,0.28493359684944153,-0.08000674098730087,0.5784646272659302,0.16644015908241272,-0.11664411425590515,0.5746013522148132,0.08555248379707336,-0.1407705396413803,0.5729434490203857,0.01185530424118042,-0.15783095359802246,0.625929057598114,0.30594712495803833,-0.09327713400125504,0.6202307343482971,0.19211870431900024,-0.12860208749771118,0.6192059516906738,0.11644303798675537,-0.14796409010887146,0.6180928945541382,0.04554557800292969,-0.16109879314899445,0.6632707118988037,0.34332719445228577,-0.1080106645822525,0.6645854115486145,0.2638026177883148,-0.14088615775108337,0.6633301377296448,0.20644128322601318,-0.15368729829788208,0.6604983806610107,0.15050135552883148,-0.16185736656188965,OpenPalm
0.5909435153007507,0.47526422142982483,8.280658221337944e-07,0.5239701867103577,0.46937090158462524,-0.030273983255028725,0.4655960202217102,0.4369167685508728,-0.06371570378541946,0.41904252767562866,0.41711148619651794,-0.0950525775551796,0.3689759373664856,0.41014063358306885,-0.13078100979328156,0.47958317399024963,0.30580657720565796,-0.08113846927881241,0.45374131202697754,0.21144625544548035,-0.12859396636486053,0.4402129054069519,0.14683891832828522,-0.16148950159549713,0.4291476011276245,0.08578945696353912,-0.18465715646743774,0.51613450050354,0.30088141560554504,-0.09658952802419662,0.492745578289032,0.1877756118774414,-0.14242081344127655,0.4774777293205261,0.10632774233818054,-0.17296069860458374,0.4636179804801941,0.02929815649986267,-0.19477827847003937,0.5561118721961975,0.32218945026397705,-0.11329889297485352,0.5381777286529541,0.21233296394348145,-0.1579991728067398,0.5288235545158386,0.1355159431695938,-0.18355928361415863,0.5188660025596619,0.06220915913581848,-0.20074373483657837,0.5968698263168335,0.36024078726768494,-0.13094907999038696,0.5936421751976013,0.2838854491710663,-0.17229589819908142,0.5885518789291382,0.2253277748823166,-0.19093993306159973,0.5822175145149231,0.1668832004070282,-0.2034427523612976,OpenPalm
0.7654690146446228,0.45330381393432617,6.944025017219246e-07,0.7124889492988586,0.4320807456970215,-0.032653387635946274,0.6744728684425354,0.39925840497016907,-0.06034865975379944,0.6500817537307739,0.37308257818222046,-0.0844288170337677,0.6254343390464783,0.346319317817688,-0.11025720834732056,0.7081691026687622,0.28032350540161133,-0.05845760554075241,0.716522216796875,0.19239751994609833,-0.09007108956575394,0.7266756892204285,0.13763564825057983,-0.11332029849290848,0.7378620505332947,0.089419424533844,-0.1292235404253006,0.7504792213439941,0.27841487526893616,-0.0626656711101532,0.7601913809776306,0.17871320247650146,-0.09062312543392181,0.7678688168525696,0.11264140903949738,-0.11140603572130203,0.7743726372718811,0.05291233956813812,-0.12655898928642273,0.7881373167037964,0.2965797483921051,-0.06914392113685608,0.8016968369483948,0.19951298832893372,-0.09581293165683746,0.8102607131004333,0.1364242434501648,-0.1125766709446907,0.8163125514984131,0.07933557033538818,-0.12440897524356842,0.8223311305046082,0.32936084270477295,-0.07755374908447266,0.8408250212669373,0.26295238733291626,-0.1016780212521553,0.8500645160675049,0.21728584170341492,-0.1115867868065834,0.8560490012168884,0.17272624373435974,-0.11796817183494568,OpenPalm
0.7343013882637024,0.4544854164123535,7.121843736968003e-07,0.6827476620674133,0.43736565113067627,-0.028283750638365746,0.6441389918327332,0.4074696898460388,-0.053225524723529816,0.6183875799179077,0.3857380449771881,-0.07544223219156265,0.5932403802871704,0.3632461726665497,-0.0993187427520752,0.669569194316864,0.2895886301994324,-0.05325600132346153,0.672294557094574,0.20180079340934753,-0.08383825421333313,0.6786032319068909,0.14552488923072815,-0.10632742941379547,0.6875693798065186,0.09676150977611542,-0.12114083766937256,0.7065792679786682,0.28524723649024963,-0.05844094604253769,0.7096480131149292,0.18540367484092712,-0.08361667394638062,0.7145337462425232,0.12157922983169556,-0.10208547860383987,0.7209141850471497,0.06666582822799683,-0.11533600836992264,0.7423011064529419,0.3005737066268921,-0.06559533625841141,0.751170814037323,0.20195332169532776,-0.08934545516967773,0.7573708295822144,0.14115342497825623,-0.10362011194229126,0.762757420539856,0.08787661790847778,-0.11376757174730301,0.7767070531845093,0.33209311962127686,-0.07452390342950821,0.7964297533035278,0.2668941617012024,-0.09631586074829102,0.8072382211685181,0.22286540269851685,-0.10430687665939331,0.8147702217102051,0.18166792392730713,-0.10903189331293106,OpenPalm
0.6944649815559387,0.4177902936935425,6.712745630466088e-07,0.644643247127533,0.40394172072410583,-0.0232680756598711,0.6036478281021118,0.373788058757782,-0.04400254786014557,0.5741169452667236,0.3525659143924713,-0.0625595897436142,0.546941876411438,0.33320385217666626,-0.08247338235378265,0.6232421398162842,0.257408082485199,-0.04205348342657089,0.6147019863128662,0.17453405261039734,-0.06821270287036896,0.6133712530136108,0.12080489099025726,-0.08793960511684418,0.6157691478729248,0.07484664022922516,-0.10104744136333466,0.6573840975761414,0.25021421909332275,-0.04840349033474922,0.6513103246688843,0.15543712675571442,-0.07073311507701874,0.6491551995277405,0.09166635572910309,-0.08778528869152069,0.6485921144485474,0.037261754274368286,-0.0997895672917366,0.6912679076194763,0.26140716671943665,-0.05680863931775093,0.6918043494224548,0.16840916872024536,-0.0796637162566185,0.6931062340736389,0.10798291862010956,-0.09457311779260635,0.6940199136734009,0.054818153381347656,-0.10468883812427521,0.7249408960342407,0.28881797194480896,-0.06645733118057251,0.7371662855148315,0.224214568734169,-0.08837304264307022,0.7444912791252136,0.1795196533203125,-0.09717746078968048,0.7488921284675598,0.1369064748287201,-0.10221771895885468,OpenPalm
0.36567965149879456,0.5028446316719055,2.905834719513223e-07,0.42057740688323975,0.466415137052536,-0.028041748329997063,0.45393699407577515,0.3995138108730316,-0.04417018964886665,0.4690927267074585,0.33924299478530884,-0.058628231287002563,0.4894663393497467,0.2908087968826294,-0.07414352893829346,0.4167696535587311,0.3001385033130646,-0.03696616739034653,0.4113931357860565,0.21730537712574005,-0.0628393217921257,0.4039197564125061,0.16430994868278503,-0.08173374086618423,0.39660096168518066,0.11569041013717651,-0.095699243247509,0.3811018764972687,0.2995137870311737,-0.04068026691675186,0.37256714701652527,0.20239140093326569,-0.06648476421833038,0.36562439799308777,0.13894930481910706,-0.08589723706245422,0.3585289418697357,0.0816880613565445,-0.0998174399137497,0.3489140570163727,0.3197576403617859,-0.047150205820798874,0.33685967326164246,0.2301570475101471,-0.07240384817123413,0.32873186469078064,0.16986528038978577,-0.08800587803125381,0.32122546434402466,0.1150055080652237,-0.09822114557027817,0.31805184483528137,0.3552025258541107,-0.055779870599508286,0.30634260177612305,0.2872600853443146,-0.07896779477596283,0.30197572708129883,0.24091088771820068,-0.09040091186761856,0.2986568212509155,0.19655480980873108,-0.09765779227018356,OpenPalm
0.397725909948349,0.49299687147140503,2.665665022050234e-07,0.45231497287750244,0.4514623284339905,-0.021762683987617493,0.48640209436416626,0.381098210811615,-0.03517179191112518,0.5065842866897583,0.32195040583610535,-0.048235490918159485,0.5283129215240479,0.27297624945640564,-0.0627041757106781,0.4464365243911743,0.2828572392463684,-0.030478283762931824,0.4417296350002289,0.19732141494750977,-0.05532136559486389,0.43594270944595337,0.14235363900661469,-0.07366421818733215,0.4302961230278015,0.09310798346996307,-0.08720102906227112,0.41310393810272217,0.2843649983406067,-0.03750980645418167,0.40121427178382874,0.18409886956214905,-0.06177091598510742,0.39365625381469727,0.11967171728610992,-0.08024214953184128,0.38602209091186523,0.06315892934799194,-0.09342261403799057,0.3828177750110626,0.30686089396476746,-0.047037273645401,0.3654193878173828,0.21346983313560486,-0.07118389755487442,0.3553587794303894,0.15128940343856812,-0.08606664836406708,0.34696921706199646,0.09385791420936584,-0.09605855494737625,0.3538992404937744,0.34460949897766113,-0.058269478380680084,0.3382032513618469,0.27707940340042114,-0.08113568276166916,0.33174026012420654,0.23051026463508606,-0.09197434037923813,0.32687142491340637,0.18477219343185425,-0.09882820397615433,OpenPalm
0.4345429837703705,0.4789798855781555,2.5129102709797735e-07,0.4908318519592285,0.43956851959228516,-0.020313214510679245,0.5247155427932739,0.3676561117172241,-0.03330223634839058,0.5488309860229492,0.3090314567089081,-0.04586059972643852,0.5738343596458435,0.2603800296783447,-0.0602913573384285,0.48749542236328125,0.2721150517463684,-0.03269723057746887,0.4857562482357025,0.18583595752716064,-0.05751502513885498,0.48210132122039795,0.13100236654281616,-0.07557520270347595,0.477660208940506,0.08146455883979797,-0.0891188532114029,0.45670390129089355,0.27485623955726624,-0.04057643190026283,0.44759735465049744,0.17318391799926758,-0.06511854380369186,0.442053884267807,0.10835437476634979,-0.0839390829205513,0.4355230927467346,0.05048850178718567,-0.09769520908594131,0.4277426302433014,0.29920411109924316,-0.050521813333034515,0.4140731990337372,0.20421099662780762,-0.07519444078207016,0.4068825840950012,0.1422680765390396,-0.09068848192691803,0.3996628224849701,0.08365149796009064,-0.10137117654085159,0.39986008405685425,0.3384954333305359,-0.06179695576429367,0.38901934027671814,0.27060195803642273,-0.0859670639038086,0.38464081287384033,0.22468608617782593,-0.09751667082309723,0.37939125299453735,0.17850053310394287,-0.1049649715423584,OpenPalm
0.4636845588684082,0.4710147976875305,2.1499850788586627e-07,0.519134521484375,0.4315643906593323,-0.017115123569965363,0.5536921620368958,0.35950419306755066,-0.029397549107670784,0.5802268981933594,0.3029431998729706,-0.04189494252204895,0.6069773435592651,0.25597721338272095,-0.0563359260559082,0.5232732892036438,0.2662196457386017,-0.03063916601240635,0.5234881043434143,0.1810087263584137,-0.055310215801000595,0.5217868089675903,0.12656062841415405,-0.07329143583774567,0.519151508808136,0.07744552195072174,-0.08674889802932739,0.49428650736808777,0.26833727955818176,-0.0401143915951252,0.4867415428161621,0.1675582379102707,-0.06421808153390884,0.48294782638549805,0.10347907245159149,-0.08258990943431854,0.4781551957130432,0.04535871744155884,-0.09625500440597534,0.46650707721710205,0.2915295660495758,-0.05147095024585724,0.45459824800491333,0.19765040278434753,-0.0756792202591896,0.447839617729187,0.13513688743114471,-0.09110317379236221,0.44114091992378235,0.07622608542442322,-0.10199130326509476,0.44016337394714355,0.3295219838619232,-0.06392958760261536,0.4293208718299866,0.2618418335914612,-0.08740485459566116,0.4250009059906006,0.2153203785419464,-0.0989382341504097,0.420012891292572,0.16877058148384094,-0.10671226680278778,OpenPalm
0.5007310509681702,0.4517444372177124,2.0556407775984553e-07,0.5558510422706604,0.41018667817115784,-0.012894566170871258,0.5881835222244263,0.33835119009017944,-0.02340688556432724,0.6148713827133179,0.28483542799949646,-0.03484642878174782,0.6427528858184814,0.24122381210327148,-0.04839998111128807,0.5612923502922058,0.24646858870983124,-0.02647654339671135,0.5648150444030762,0.16068732738494873,-0.049299340695142746,0.5650798678398132,0.10689286887645721,-0.0662606954574585,0.5646536946296692,0.05828067660331726,-0.07941383868455887,0.5347301959991455,0.24915087223052979,-0.037703175097703934,0.5314438343048096,0.14901752769947052,-0.06034674495458603,0.5302032828330994,0.08471299707889557,-0.07875727862119675,0.528011679649353,0.026326864957809448,-0.09297484904527664,0.5083633661270142,0.27276313304901123,-0.050460100173950195,0.502393364906311,0.1764776110649109,-0.07378410547971725,0.4988346993923187,0.11467070877552032,-0.08989884704351425,0.4946137070655823,0.05666877329349518,-0.10168562084436417,0.48298749327659607,0.31132906675338745,-0.06387083232402802,0.4758107662200928,0.24381941556930542,-0.08784041553735733,0.4733453691005707,0.1969068944454193,-0.10039770603179932,0.4691695272922516,0.15016397833824158,-0.10908503085374832,OpenPalm
0.5472255945205688,0.445850670337677,1.4959890393129172e-07,0.6047589182853699,0.4058414399623871,-0.006400165613740683,0.6376450657844543,0.33993905782699585,-0.013167480938136578,0.6654176115989685,0.2918730676174164,-0.022081172093749046,0.6949355006217957,0.25197020173072815,-0.03289281576871872,0.616081953048706,0.2554328143596649,-0.015292811207473278,0.6273701786994934,0.17437002062797546,-0.035427290946245193,0.6338167190551758,0.12379671633243561,-0.050154972821474075,0.6394243836402893,0.07876524329185486,-0.061398424208164215,0.5969792604446411,0.25394171476364136,-0.02803169935941696,0.59983891248703,0.15811647474765778,-0.04809046536684036,0.6041433215141296,0.09622608125209808,-0.06391805410385132,0.6064777970314026,0.03973516821861267,-0.0757492408156395,0.576495885848999,0.27301597595214844,-0.04224952682852745,0.5725946426391602,0.18189901113510132,-0.06333940476179123,0.5730912685394287,0.12457546591758728,-0.07646003365516663,0.573065996170044,0.07026419043540955,-0.08576445281505585,0.5572353601455688,0.30766236782073975,-0.05682658404111862,0.54957515001297,0.24628160893917084,-0.07795196771621704,0.549505352973938,0.2031077742576599,-0.08773557096719742,0.5485506653785706,0.1603553593158722,-0.09430018812417984,OpenPalm
0.3151596784591675,0.49253278970718384,3.599447495616914e-07,0.36318716406822205,0.4389381408691406,-0.02463333122432232,0.3913176655769348,0.3618789315223694,-0.03815830498933792,0.40513741970062256,0.3003482520580292,-0.05082545801997185,0.4194543957710266,0.2526969313621521,-0.06495538353919983,0.336129367351532,0.2612886130809784,-0.03366156294941902,0.32512956857681274,0.16566815972328186,-0.059132128953933716,0.31545984745025635,0.10621790587902069,-0.07801801711320877,0.3067549169063568,0.05297817289829254,-0.09170988202095032,0.2966286540031433,0.2669815421104431,-0.039450839161872864,0.27766668796539307,0.162973552942276,-0.06433657556772232,0.2653183341026306,0.09461268782615662,-0.08378002792596817,0.254977285861969,0.03377842903137207,-0.09733899682760239,0.26390987634658813,0.2940010726451874,-0.04775524511933327,0.2395474910736084,0.19738982617855072,-0.07192016392946243,0.2269967943429947,0.13166657090187073,-0.0874231830239296,0.21759800612926483,0.07177378237247467,-0.09760298579931259,0.2345084547996521,0.3382894992828369,-0.05812152847647667,0.21171170473098755,0.26850569248199463,-0.08144886046648026,0.1997876912355423,0.21915310621261597,-0.0921073704957962,0.19110850989818573,0.17062611877918243,-0.09823442995548248,OpenPalm
0.25473251938819885,0.48639926314353943,6.416918267859728e-07,0.30925363302230835,0.45337390899658203,-0.036603763699531555,0.34515443444252014,0.392241507768631,-0.05399293079972267,0.35752400755882263,0.3336160182952881,-0.0668688490986824,0.36475035548210144,0.2776884138584137,-0.07923871278762817,0.2958509922027588,0.2893149256706238,-0.033130545169115067,0.2893896996974945,0.21532005071640015,-0.054587334394454956,0.2828907072544098,0.16394193470478058,-0.07199536263942719,0.27404528856277466,0.11786933243274689,-0.08367316424846649,0.25535139441490173,0.28927677869796753,-0.028622979298233986,0.24807697534561157,0.2132357507944107,-0.047384679317474365,0.243479922413826,0.15891146659851074,-0.06390446424484253,0.2386195808649063,0.11101168394088745,-0.07490978389978409,0.216749370098114,0.304211288690567,-0.027902891859412193,0.20791137218475342,0.22822672128677368,-0.04792475700378418,0.20286600291728973,0.17600823938846588,-0.06145799905061722,0.19885535538196564,0.12814036011695862,-0.06895086169242859,0.1790430247783661,0.33336952328681946,-0.0301023181527853,0.16594557464122772,0.2631346583366394,-0.04815791919827461,0.16282761096954346,0.21784676611423492,-0.05576394125819206,0.1638370156288147,0.175134539604187,-0.058839891105890274,OpenPalm
0.4159047305583954,0.5070449113845825,3.1692502489022445e-07,0.4729468524456024,0.45854443311691284,-0.02098499797284603,0.5034586787223816,0.3767372965812683,-0.03179105743765831,0.521511971950531,0.31006544828414917,-0.04280370846390724,0.5413090586662292,0.2560785412788391,-0.05489137023687363,0.45606163144111633,0.27006062865257263,-0.023937461897730827,0.4547483026981354,0.1777208000421524,-0.04636063799262047,0.45224329829216003,0.11963272094726562,-0.06401441991329193,0.4501367509365082,0.06662523746490479,-0.07744918763637543,0.4226261377334595,0.27202296257019043,-0.03098358027637005,0.41577696800231934,0.1672530323266983,-0.05221342295408249,0.41208615899086,0.09606277942657471,-0.06998936831951141,0.40761375427246094,0.03362712264060974,-0.08360718190670013,0.3926365077495575,0.29572510719299316,-0.041065774857997894,0.3796062171459198,0.19876816868782043,-0.06267215311527252,0.37394607067108154,0.13391907513141632,-0.07763175666332245,0.36871281266212463,0.07370658218860626,-0.0884312316775322,0.364268034696579,0.3355150818824768,-0.05318310856819153,0.349582314491272,0.26509806513786316,-0.07514756917953491,0.34331014752388,0.21414053440093994,-0.0865926444530487,0.33733290433883667,0.1635834127664566,-0.09435157477855682,OpenPalm
0.42623215913772583,0.5049866437911987,2.998004333676363e-07,0.4831792414188385,0.456554114818573,-0.019760632887482643,0.5146885514259338,0.3720844089984894,-0.029947398230433464,0.5348972082138062,0.3059634864330292,-0.04058576375246048,0.5546717047691345,0.2535219192504883,-0.052553609013557434,0.4673976004123688,0.2631697952747345,-0.02335551753640175,0.46416473388671875,0.1710977703332901,-0.04538179188966751,0.4620351195335388,0.11301703751087189,-0.06329609453678131,0.46075066924095154,0.05949017405509949,-0.07711033523082733,0.4345075786113739,0.2670687437057495,-0.031329765915870667,0.42628079652786255,0.1625375896692276,-0.051782991737127304,0.4230780303478241,0.09090350568294525,-0.0696941688656807,0.41925397515296936,0.02766600251197815,-0.0837080255150795,0.4056370258331299,0.2926919460296631,-0.04226722568273544,0.39118120074272156,0.19614389538764954,-0.06312181800603867,0.3854689598083496,0.1315503567457199,-0.07834117114543915,0.38049620389938354,0.07168319821357727,-0.08957326412200928,0.37891310453414917,0.3347727954387665,-0.05523999035358429,0.36170482635498047,0.263936847448349,-0.07677002996206284,0.35378220677375793,0.2127835601568222,-0.08835676312446594,0.3467310667037964,0.1618717461824417,-0.0964384451508522,OpenPalm
0.5059435963630676,0.46099960803985596,2.5468042963439075e-07,0.5626091957092285,0.40965139865875244,-0.013924745842814445,0.5904433131217957,0.32147905230522156,-0.02149362489581108,0.6114908456802368,0.2576768100261688,-0.030754368752241135,0.6339720487594604,0.205422043800354,-0.04129656031727791,0.547917366027832,0.21507880091667175,-0.013624057173728943,0.5472254157066345,0.11974970996379852,-0.03413894772529602,0.5472583770751953,0.061561405658721924,-0.051532257348299026,0.548021137714386,0.008435070514678955,-0.06493189185857773,0.5214696526527405,0.21769341826438904,-0.0234486423432827,0.5165195465087891,0.11455278098583221,-0.041830189526081085,0.5165023803710938,0.0473921000957489,-0.058773476630449295,0.5165612697601318,-0.012746602296829224,-0.07191558182239532,0.49700117111206055,0.23934613168239594,-0.036284901201725006,0.4870215654373169,0.1403801441192627,-0.05511019751429558,0.4834153652191162,0.07674664258956909,-0.06831705570220947,0.48036590218544006,0.01917305588722229,-0.07815863937139511,0.4741697609424591,0.27732548117637634,-0.050881627947092056,0.4591616988182068,0.20405350625514984,-0.07038360089063644,0.4532753527164459,0.15187910199165344,-0.08016400039196014,0.44880273938179016,0.10060258209705353,-0.08694697171449661,OpenPalm
